Mobility_key,province,subregion,metro-area,retail_and_recreation,grocery_and_pharmacy,parks,transit_stations,workplaces,residential
0,Ontario,Ottawa Division,National Capital Region,13.0,6.0,68.0,3.0,1.0,-2.0
1,Ontario,Ottawa Division,National Capital Region,30.0,26.0,128.0,3.0,4.0,-4.0
2,Ontario,Ottawa Division,National Capital Region,-30.0,-53.0,52.0,-40.0,-62.0,14.0
3,Ontario,Ottawa Division,National Capital Region,-5.0,9.0,-8.0,-6.0,-2.0,1.0
4,Ontario,Ottawa Division,National Capital Region,0.0,6.0,-8.0,-8.0,1.0,0.0
5,Ontario,Ottawa Division,National Capital Region,6.0,4.0,0.0,-8.0,1.0,0.0
6,Ontario,Ottawa Division,National Capital Region,-1.0,0.0,9.0,-9.0,-8.0,2.0
7,Ontario,Ottawa Division,National Capital Region,17.0,11.0,54.0,5.0,4.0,-2.0
8,Ontario,Ottawa Division,National Capital Region,18.0,17.0,38.0,4.0,6.0,-2.0
9,Ontario,Ottawa Division,National Capital Region,4.0,5.0,13.0,-6.0,2.0,0.0
10,Ontario,Ottawa Division,National Capital Region,1.0,10.0,2.0,-6.0,3.0,-1.0
11,Ontario,Ottawa Division,National Capital Region,-5.0,6.0,-14.0,-2.0,1.0,1.0
12,Ontario,Ottawa Division,National Capital Region,-25.0,-25.0,-29.0,-22.0,-31.0,13.0
13,Ontario,Ottawa Division,National Capital Region,-2.0,3.0,-12.0,2.0,-3.0,2.0
14,Ontario,Ottawa Division,National Capital Region,13.0,13.0,-8.0,4.0,7.0,-2.0
15,Ontario,Ottawa Division,National Capital Region,17.0,22.0,17.0,3.0,9.0,-2.0
16,Ontario,Ottawa Division,National Capital Region,2.0,6.0,-7.0,-5.0,4.0,0.0
17,Ontario,Ottawa Division,National Capital Region,0.0,5.0,-10.0,-2.0,4.0,0.0
18,Ontario,Ottawa Division,National Capital Region,3.0,9.0,-9.0,-2.0,5.0,0.0
19,Ontario,Ottawa Division,National Capital Region,9.0,8.0,-5.0,-4.0,-1.0,0.0
20,Ontario,Ottawa Division,National Capital Region,-3.0,-2.0,-10.0,-1.0,5.0,1.0
21,Ontario,Ottawa Division,National Capital Region,18.0,12.0,16.0,5.0,6.0,-3.0
22,Ontario,Ottawa Division,National Capital Region,16.0,20.0,30.0,0.0,6.0,-2.0
23,Ontario,Ottawa Division,National Capital Region,4.0,8.0,11.0,-8.0,3.0,0.0
24,Ontario,Ottawa Division,National Capital Region,-2.0,4.0,-9.0,-8.0,3.0,1.0
25,Ontario,Ottawa Division,National Capital Region,2.0,12.0,-7.0,-5.0,3.0,0.0
26,Ontario,Ottawa Division,National Capital Region,8.0,35.0,-3.0,-8.0,0.0,1.0
27,Ontario,Ottawa Division,National Capital Region,-8.0,41.0,-22.0,-18.0,-6.0,5.0
28,Ontario,Ottawa Division,National Capital Region,-9.0,24.0,3.0,-17.0,-2.0,3.0
29,Ontario,Ottawa Division,National Capital Region,-13.0,14.0,10.0,-25.0,-6.0,3.0
30,Ontario,Ottawa Division,National Capital Region,-25.0,17.0,-23.0,-52.0,-48.0,17.0
31,Ontario,Ottawa Division,National Capital Region,-43.0,-5.0,-35.0,-59.0,-59.0,22.0
32,Ontario,Ottawa Division,National Capital Region,-46.0,-9.0,-23.0,-61.0,-61.0,23.0
33,Ontario,Ottawa Division,National Capital Region,-47.0,-11.0,-20.0,-64.0,-64.0,24.0
34,Ontario,Ottawa Division,National Capital Region,-54.0,-19.0,-35.0,-64.0,-64.0,26.0
35,Ontario,Ottawa Division,National Capital Region,-55.0,-24.0,-9.0,-54.0,-39.0,13.0
36,Ontario,Ottawa Division,National Capital Region,-53.0,-24.0,21.0,-58.0,-39.0,10.0
37,Ontario,Ottawa Division,National Capital Region,-55.0,-27.0,-53.0,-74.0,-68.0,26.0
38,Ontario,Ottawa Division,National Capital Region,-56.0,-23.0,-30.0,-73.0,-70.0,27.0
39,Ontario,Ottawa Division,National Capital Region,-62.0,-33.0,-39.0,-74.0,-72.0,29.0
40,Ontario,Ottawa Division,National Capital Region,-61.0,-33.0,-47.0,-76.0,-73.0,30.0
41,Ontario,Ottawa Division,National Capital Region,-61.0,-28.0,-3.0,-71.0,-71.0,29.0
42,Ontario,Ottawa Division,National Capital Region,-62.0,-34.0,-13.0,-66.0,-49.0,14.0
43,Ontario,Ottawa Division,National Capital Region,-66.0,-44.0,-61.0,-76.0,-48.0,14.0
44,Ontario,Ottawa Division,National Capital Region,-61.0,-34.0,-50.0,-77.0,-74.0,28.0
45,Ontario,Ottawa Division,National Capital Region,-56.0,-25.0,-18.0,-72.0,-74.0,27.0
46,Ontario,Ottawa Division,National Capital Region,-58.0,-31.0,-28.0,-72.0,-73.0,28.0
47,Ontario,Ottawa Division,National Capital Region,-58.0,-30.0,-25.0,-74.0,-74.0,29.0
48,Ontario,Ottawa Division,National Capital Region,-63.0,-33.0,-44.0,-75.0,-73.0,31.0
49,Ontario,Ottawa Division,National Capital Region,-60.0,-34.0,12.0,-59.0,-48.0,14.0
50,Ontario,Ottawa Division,National Capital Region,-63.0,-38.0,-21.0,-70.0,-48.0,13.0
51,Ontario,Ottawa Division,National Capital Region,-59.0,-31.0,-11.0,-74.0,-74.0,27.0
52,Ontario,Ottawa Division,National Capital Region,-60.0,-28.0,-28.0,-75.0,-74.0,28.0
53,Ontario,Ottawa Division,National Capital Region,-59.0,-24.0,-45.0,-75.0,-74.0,29.0
54,Ontario,Ottawa Division,National Capital Region,-53.0,-6.0,-53.0,-77.0,-75.0,29.0
55,Ontario,Ottawa Division,National Capital Region,-86.0,-80.0,-54.0,-85.0,-89.0,38.0
56,Ontario,Ottawa Division,National Capital Region,-56.0,-14.0,-18.0,-63.0,-48.0,14.0
57,Ontario,Ottawa Division,National Capital Region,-83.0,-79.0,-15.0,-72.0,-58.0,14.0
58,Ontario,Ottawa Division,National Capital Region,-64.0,-36.0,-64.0,-83.0,-80.0,31.0
59,Ontario,Ottawa Division,National Capital Region,-59.0,-23.0,-40.0,-77.0,-74.0,29.0
60,Ontario,Ottawa Division,National Capital Region,-59.0,-27.0,-48.0,-76.0,-74.0,29.0
61,Ontario,Ottawa Division,National Capital Region,-59.0,-27.0,-39.0,-76.0,-74.0,30.0
62,Ontario,Ottawa Division,National Capital Region,-62.0,-30.0,-33.0,-74.0,-72.0,31.0
63,Ontario,Ottawa Division,National Capital Region,-61.0,-32.0,7.0,-59.0,-43.0,14.0
64,Ontario,Ottawa Division,National Capital Region,-65.0,-42.0,-50.0,-74.0,-46.0,14.0
65,Ontario,Ottawa Division,National Capital Region,-58.0,-29.0,-16.0,-74.0,-73.0,27.0
66,Ontario,Ottawa Division,National Capital Region,-62.0,-36.0,-59.0,-78.0,-74.0,30.0
67,Ontario,Ottawa Division,National Capital Region,-60.0,-31.0,-53.0,-77.0,-73.0,30.0
68,Ontario,Ottawa Division,National Capital Region,-56.0,-23.0,-22.0,-73.0,-73.0,29.0
69,Ontario,Ottawa Division,National Capital Region,-63.0,-29.0,-29.0,-73.0,-71.0,30.0
70,Ontario,Ottawa Division,National Capital Region,-59.0,-28.0,31.0,-56.0,-41.0,13.0
71,Ontario,Ottawa Division,National Capital Region,-59.0,-31.0,-10.0,-66.0,-41.0,12.0
72,Ontario,Ottawa Division,National Capital Region,-57.0,-26.0,-16.0,-73.0,-72.0,27.0
73,Ontario,Ottawa Division,National Capital Region,-55.0,-23.0,-1.0,-70.0,-72.0,27.0
74,Ontario,Ottawa Division,National Capital Region,-56.0,-27.0,-31.0,-73.0,-71.0,28.0
75,Ontario,Ottawa Division,National Capital Region,-57.0,-28.0,-59.0,-77.0,-72.0,30.0
76,Ontario,Ottawa Division,National Capital Region,-57.0,-22.0,-14.0,-70.0,-70.0,29.0
77,Ontario,Ottawa Division,National Capital Region,-55.0,-26.0,30.0,-56.0,-37.0,12.0
78,Ontario,Ottawa Division,National Capital Region,-51.0,-24.0,53.0,-59.0,-35.0,10.0
79,Ontario,Ottawa Division,National Capital Region,-54.0,-25.0,-27.0,-74.0,-71.0,27.0
80,Ontario,Ottawa Division,National Capital Region,-53.0,-22.0,-12.0,-71.0,-71.0,27.0
81,Ontario,Ottawa Division,National Capital Region,-53.0,-21.0,-5.0,-70.0,-70.0,27.0
82,Ontario,Ottawa Division,National Capital Region,-53.0,-20.0,-10.0,-72.0,-70.0,28.0
83,Ontario,Ottawa Division,National Capital Region,-58.0,-22.0,-27.0,-72.0,-68.0,29.0
84,Ontario,Ottawa Division,National Capital Region,-53.0,-17.0,-34.0,-67.0,-36.0,14.0
85,Ontario,Ottawa Division,National Capital Region,-43.0,-12.0,46.0,-61.0,-27.0,9.0
86,Ontario,Ottawa Division,National Capital Region,-53.0,-25.0,-2.0,-73.0,-69.0,26.0
87,Ontario,Ottawa Division,National Capital Region,-52.0,-22.0,-13.0,-73.0,-69.0,27.0
88,Ontario,Ottawa Division,National Capital Region,-49.0,-19.0,15.0,-69.0,-68.0,26.0
89,Ontario,Ottawa Division,National Capital Region,-48.0,-17.0,12.0,-69.0,-69.0,26.0
90,Ontario,Ottawa Division,National Capital Region,-55.0,-23.0,-29.0,-72.0,-68.0,29.0
91,Ontario,Ottawa Division,National Capital Region,-48.0,-18.0,68.0,-52.0,-30.0,10.0
92,Ontario,Ottawa Division,National Capital Region,-37.0,-7.0,121.0,-55.0,-24.0,8.0
93,Ontario,Ottawa Division,National Capital Region,-67.0,-62.0,93.0,-76.0,-85.0,27.0
94,Ontario,Ottawa Division,National Capital Region,-40.0,-4.0,17.0,-69.0,-67.0,24.0
95,Ontario,Ottawa Division,National Capital Region,-39.0,-7.0,43.0,-66.0,-66.0,24.0
96,Ontario,Ottawa Division,National Capital Region,-39.0,-9.0,50.0,-67.0,-67.0,24.0
97,Ontario,Ottawa Division,National Capital Region,-45.0,-14.0,55.0,-66.0,-63.0,24.0
98,Ontario,Ottawa Division,National Capital Region,-40.0,-13.0,117.0,-48.0,-21.0,8.0
99,Ontario,Ottawa Division,National Capital Region,-35.0,-14.0,145.0,-52.0,-19.0,6.0
100,Ontario,Ottawa Division,National Capital Region,-41.0,-16.0,20.0,-69.0,-67.0,23.0
101,Ontario,Ottawa Division,National Capital Region,-42.0,-17.0,16.0,-69.0,-66.0,24.0
102,Ontario,Ottawa Division,National Capital Region,-40.0,-13.0,23.0,-67.0,-65.0,24.0
103,Ontario,Ottawa Division,National Capital Region,-39.0,-11.0,9.0,-68.0,-65.0,24.0
104,Ontario,Ottawa Division,National Capital Region,-44.0,-15.0,14.0,-65.0,-62.0,25.0
105,Ontario,Ottawa Division,National Capital Region,-41.0,-16.0,38.0,-52.0,-16.0,10.0
106,Ontario,Ottawa Division,National Capital Region,-34.0,-9.0,86.0,-55.0,-12.0,6.0
107,Ontario,Ottawa Division,National Capital Region,-37.0,-13.0,32.0,-67.0,-64.0,22.0
108,Ontario,Ottawa Division,National Capital Region,-41.0,-17.0,-5.0,-70.0,-64.0,24.0
109,Ontario,Ottawa Division,National Capital Region,-40.0,-12.0,17.0,-67.0,-63.0,23.0
110,Ontario,Ottawa Division,National Capital Region,-35.0,-9.0,73.0,-64.0,-62.0,22.0
111,Ontario,Ottawa Division,National Capital Region,-42.0,-14.0,99.0,-62.0,-60.0,22.0
112,Ontario,Ottawa Division,National Capital Region,-38.0,-13.0,85.0,-52.0,-13.0,8.0
113,Ontario,Ottawa Division,National Capital Region,-30.0,-9.0,184.0,-52.0,-7.0,4.0
114,Ontario,Ottawa Division,National Capital Region,-34.0,-11.0,64.0,-65.0,-62.0,21.0
115,Ontario,Ottawa Division,National Capital Region,-37.0,-13.0,38.0,-67.0,-62.0,22.0
116,Ontario,Ottawa Division,National Capital Region,-36.0,-11.0,20.0,-66.0,-62.0,23.0
117,Ontario,Ottawa Division,National Capital Region,-33.0,-8.0,57.0,-65.0,-61.0,22.0
118,Ontario,Ottawa Division,National Capital Region,-37.0,-11.0,48.0,-62.0,-58.0,21.0
119,Ontario,Ottawa Division,National Capital Region,-32.0,-13.0,99.0,-47.0,-6.0,6.0
120,Ontario,Ottawa Division,National Capital Region,-24.0,-9.0,195.0,-48.0,-1.0,3.0
121,Ontario,Ottawa Division,National Capital Region,-26.0,-6.0,84.0,-63.0,-61.0,19.0
122,Ontario,Ottawa Division,National Capital Region,-28.0,-7.0,83.0,-63.0,-60.0,20.0
123,Ontario,Ottawa Division,National Capital Region,-29.0,-6.0,76.0,-61.0,-60.0,20.0
124,Ontario,Ottawa Division,National Capital Region,-27.0,-5.0,81.0,-62.0,-60.0,20.0
125,Ontario,Ottawa Division,National Capital Region,-34.0,-8.0,81.0,-59.0,-57.0,19.0
126,Ontario,Ottawa Division,National Capital Region,-30.0,-8.0,130.0,-44.0,-2.0,3.0
127,Ontario,Ottawa Division,National Capital Region,-23.0,-8.0,150.0,-52.0,5.0,0.0
128,Ontario,Ottawa Division,National Capital Region,-30.0,-14.0,30.0,-65.0,-62.0,20.0
129,Ontario,Ottawa Division,National Capital Region,-30.0,-10.0,34.0,-64.0,-61.0,21.0
130,Ontario,Ottawa Division,National Capital Region,-23.0,-2.0,50.0,-60.0,-59.0,20.0
131,Ontario,Ottawa Division,National Capital Region,-25.0,-6.0,72.0,-61.0,-59.0,20.0
132,Ontario,Ottawa Division,National Capital Region,-33.0,-10.0,85.0,-58.0,-56.0,18.0
133,Ontario,Ottawa Division,National Capital Region,-31.0,-14.0,67.0,-47.0,-8.0,6.0
134,Ontario,Ottawa Division,National Capital Region,-24.0,-9.0,131.0,-48.0,4.0,2.0
135,Ontario,Ottawa Division,National Capital Region,-21.0,1.0,62.0,-61.0,-59.0,18.0
136,Ontario,Ottawa Division,National Capital Region,-11.0,28.0,71.0,-59.0,-58.0,16.0
137,Ontario,Ottawa Division,National Capital Region,-60.0,-57.0,194.0,-68.0,-79.0,19.0
138,Ontario,Ottawa Division,National Capital Region,-26.0,-1.0,22.0,-62.0,-62.0,19.0
139,Ontario,Ottawa Division,National Capital Region,-31.0,-4.0,84.0,-57.0,-58.0,17.0
140,Ontario,Ottawa Division,National Capital Region,-29.0,-10.0,157.0,-39.0,-3.0,3.0
141,Ontario,Ottawa Division,National Capital Region,-22.0,-5.0,177.0,-42.0,1.0,0.0
142,Ontario,Ottawa Division,National Capital Region,-22.0,-1.0,87.0,-59.0,-60.0,17.0
143,Ontario,Ottawa Division,National Capital Region,-26.0,-6.0,62.0,-60.0,-60.0,19.0
144,Ontario,Ottawa Division,National Capital Region,-25.0,-3.0,56.0,-59.0,-58.0,19.0
145,Ontario,Ottawa Division,National Capital Region,-25.0,-2.0,48.0,-60.0,-58.0,19.0
146,Ontario,Ottawa Division,National Capital Region,-32.0,-8.0,57.0,-59.0,-56.0,18.0
147,Ontario,Ottawa Division,National Capital Region,-29.0,-9.0,36.0,-44.0,-7.0,6.0
148,Ontario,Ottawa Division,National Capital Region,-21.0,-3.0,150.0,-44.0,1.0,2.0
149,Ontario,Ottawa Division,National Capital Region,-23.0,-4.0,75.0,-58.0,-59.0,17.0
150,Ontario,Ottawa Division,National Capital Region,-24.0,-5.0,78.0,-59.0,-59.0,18.0
151,Ontario,Ottawa Division,National Capital Region,-23.0,-4.0,78.0,-58.0,-57.0,17.0
152,Ontario,Ottawa Division,National Capital Region,-23.0,-1.0,43.0,-60.0,-58.0,19.0
153,Ontario,Ottawa Division,National Capital Region,-28.0,-5.0,92.0,-55.0,-55.0,16.0
154,Ontario,Ottawa Division,National Capital Region,-26.0,-8.0,164.0,-38.0,0.0,2.0
155,Ontario,Ottawa Division,National Capital Region,-22.0,-7.0,104.0,-46.0,-1.0,1.0
156,Ontario,Ottawa Division,National Capital Region,-20.0,-1.0,81.0,-59.0,-58.0,17.0
157,Ontario,Ottawa Division,National Capital Region,-22.0,-4.0,92.0,-59.0,-57.0,17.0
158,Ontario,Ottawa Division,National Capital Region,-25.0,-5.0,20.0,-61.0,-57.0,19.0
159,Ontario,Ottawa Division,National Capital Region,-20.0,-1.0,80.0,-58.0,-57.0,18.0
160,Ontario,Ottawa Division,National Capital Region,-28.0,-5.0,103.0,-56.0,-54.0,16.0
161,Ontario,Ottawa Division,National Capital Region,-25.0,-9.0,176.0,-39.0,-1.0,2.0
162,Ontario,Ottawa Division,National Capital Region,-19.0,-5.0,153.0,-44.0,1.0,0.0
163,Ontario,Ottawa Division,National Capital Region,-22.0,-3.0,39.0,-62.0,-60.0,18.0
164,Ontario,Ottawa Division,National Capital Region,-22.0,-2.0,88.0,-60.0,-58.0,17.0
165,Ontario,Ottawa Division,National Capital Region,-23.0,-4.0,30.0,-59.0,-58.0,18.0
166,Ontario,Ottawa Division,National Capital Region,-19.0,2.0,54.0,-57.0,-58.0,17.0
167,Ontario,Ottawa Division,National Capital Region,-25.0,0.0,107.0,-51.0,-56.0,14.0
168,Ontario,Ottawa Division,National Capital Region,-26.0,-9.0,181.0,-32.0,-2.0,0.0
169,Ontario,Ottawa Division,National Capital Region,-25.0,-11.0,2.0,-46.0,-7.0,3.0
170,Ontario,Ottawa Division,National Capital Region,-35.0,-24.0,137.0,-67.0,-77.0,17.0
171,Ontario,Ottawa Division,National Capital Region,-27.0,-8.0,-21.0,-62.0,-61.0,19.0
172,Ontario,Ottawa Division,National Capital Region,-20.0,1.0,59.0,-60.0,-58.0,17.0
173,Ontario,Ottawa Division,National Capital Region,-16.0,0.0,107.0,-59.0,-57.0,16.0
174,Ontario,Ottawa Division,National Capital Region,-26.0,-7.0,100.0,-57.0,-55.0,15.0
175,Ontario,Ottawa Division,National Capital Region,-23.0,-10.0,186.0,-38.0,0.0,1.0
176,Ontario,Ottawa Division,National Capital Region,-20.0,-6.0,83.0,-47.0,-1.0,1.0
177,Ontario,Ottawa Division,National Capital Region,-20.0,-6.0,55.0,-63.0,-59.0,17.0
178,Ontario,Ottawa Division,National Capital Region,-24.0,-8.0,33.0,-62.0,-58.0,18.0
179,Ontario,Ottawa Division,National Capital Region,-19.0,-3.0,89.0,-58.0,-57.0,16.0
180,Ontario,Ottawa Division,National Capital Region,-18.0,-3.0,91.0,-59.0,-57.0,16.0
181,Ontario,Ottawa Division,National Capital Region,-26.0,-6.0,104.0,-56.0,-55.0,15.0
182,Ontario,Ottawa Division,National Capital Region,-22.0,-9.0,212.0,-36.0,-1.0,0.0
183,Ontario,Ottawa Division,National Capital Region,-20.0,-10.0,94.0,-46.0,-1.0,0.0
184,Ontario,Ottawa Division,National Capital Region,-20.0,-7.0,40.0,-61.0,-60.0,17.0
185,Ontario,Ottawa Division,National Capital Region,-20.0,-6.0,63.0,-60.0,-57.0,17.0
186,Ontario,Ottawa Division,National Capital Region,-19.0,-4.0,76.0,-57.0,-56.0,16.0
187,Ontario,Ottawa Division,National Capital Region,-18.0,-2.0,38.0,-61.0,-57.0,16.0
188,Ontario,Ottawa Division,National Capital Region,-26.0,-6.0,72.0,-58.0,-54.0,15.0
189,Ontario,Ottawa Division,National Capital Region,-21.0,-9.0,,-36.0,0.0,0.0
190,Ontario,Ottawa Division,National Capital Region,-16.0,-3.0,,-44.0,2.0,0.0
191,Ontario,Ottawa Division,National Capital Region,-20.0,-5.0,49.0,-63.0,-59.0,16.0
192,Ontario,Ottawa Division,National Capital Region,-20.0,-5.0,59.0,-61.0,-57.0,16.0
193,Ontario,Ottawa Division,National Capital Region,-19.0,-3.0,69.0,-59.0,-56.0,15.0
194,Ontario,Ottawa Division,National Capital Region,-18.0,-4.0,18.0,-61.0,-57.0,17.0
195,Ontario,Ottawa Division,National Capital Region,-24.0,-7.0,91.0,-56.0,-53.0,14.0
196,Ontario,Ottawa Division,National Capital Region,-23.0,-8.0,15.0,-47.0,-8.0,5.0
197,Ontario,Ottawa Division,National Capital Region,-9.0,2.0,,-40.0,4.0,-1.0
198,Ontario,Ottawa Division,National Capital Region,-14.0,-2.0,91.0,-59.0,-58.0,14.0
199,Ontario,Ottawa Division,National Capital Region,-18.0,-4.0,47.0,-59.0,-57.0,16.0
200,Ontario,Ottawa Division,National Capital Region,-22.0,-6.0,8.0,-62.0,-57.0,17.0
201,Ontario,Ottawa Division,National Capital Region,-13.0,2.0,77.0,-56.0,-56.0,15.0
202,Ontario,Ottawa Division,National Capital Region,-22.0,-5.0,61.0,-54.0,-53.0,14.0
203,Ontario,Ottawa Division,National Capital Region,-18.0,-5.0,,-40.0,-4.0,1.0
204,Ontario,Ottawa Division,National Capital Region,-3.0,9.0,,-39.0,4.0,-2.0
205,Ontario,Ottawa Division,National Capital Region,-57.0,-55.0,29.0,-77.0,-84.0,21.0
206,Ontario,Ottawa Division,National Capital Region,-17.0,6.0,13.0,-58.0,-58.0,16.0
207,Ontario,Ottawa Division,National Capital Region,-24.0,-7.0,2.0,-61.0,-57.0,18.0
208,Ontario,Ottawa Division,National Capital Region,-18.0,-1.0,21.0,-58.0,-56.0,17.0
209,Ontario,Ottawa Division,National Capital Region,-24.0,-9.0,78.0,-53.0,-52.0,15.0
210,Ontario,Ottawa Division,National Capital Region,-15.0,-3.0,175.0,-36.0,0.0,2.0
211,Ontario,Ottawa Division,National Capital Region,-17.0,-3.0,37.0,-46.0,-2.0,4.0
212,Ontario,Ottawa Division,National Capital Region,-19.0,-6.0,57.0,-59.0,-55.0,16.0
213,Ontario,Ottawa Division,National Capital Region,-21.0,-8.0,24.0,-59.0,-53.0,17.0
214,Ontario,Ottawa Division,National Capital Region,-22.0,-9.0,58.0,-59.0,-54.0,16.0
215,Ontario,Ottawa Division,National Capital Region,-19.0,-4.0,42.0,-58.0,-54.0,17.0
216,Ontario,Ottawa Division,National Capital Region,-26.0,-11.0,42.0,-56.0,-50.0,16.0
217,Ontario,Ottawa Division,National Capital Region,-18.0,-4.0,113.0,-42.0,-1.0,3.0
218,Ontario,Ottawa Division,National Capital Region,-13.0,1.0,131.0,-46.0,3.0,1.0
219,Ontario,Ottawa Division,National Capital Region,-22.0,-8.0,51.0,-61.0,-57.0,16.0
220,Ontario,Ottawa Division,National Capital Region,-25.0,-8.0,32.0,-60.0,-54.0,17.0
221,Ontario,Ottawa Division,National Capital Region,-26.0,-9.0,41.0,-62.0,-53.0,17.0
222,Ontario,Ottawa Division,National Capital Region,-25.0,-7.0,9.0,-62.0,-53.0,18.0
223,Ontario,Ottawa Division,National Capital Region,-29.0,-10.0,39.0,-58.0,-49.0,16.0
224,Ontario,Ottawa Division,National Capital Region,-21.0,-6.0,131.0,-46.0,0.0,3.0
225,Ontario,Ottawa Division,National Capital Region,-17.0,-1.0,117.0,-47.0,4.0,1.0
226,Ontario,Ottawa Division,National Capital Region,-25.0,-8.0,47.0,-63.0,-55.0,17.0
227,Ontario,Ottawa Division,National Capital Region,-28.0,-9.0,-6.0,-64.0,-54.0,18.0
228,Ontario,Ottawa Division,National Capital Region,-27.0,-6.0,-14.0,-65.0,-54.0,19.0
229,Ontario,Ottawa Division,National Capital Region,-23.0,-2.0,9.0,-61.0,-52.0,18.0
230,Ontario,Ottawa Division,National Capital Region,-33.0,-12.0,-8.0,-62.0,-49.0,19.0
231,Ontario,Ottawa Division,National Capital Region,-22.0,-3.0,78.0,-47.0,-3.0,5.0
232,Ontario,Ottawa Division,National Capital Region,-20.0,0.0,50.0,-53.0,-1.0,4.0
233,Ontario,Ottawa Division,National Capital Region,-27.0,-7.0,6.0,-65.0,-56.0,18.0
234,Ontario,Ottawa Division,National Capital Region,-28.0,-6.0,-4.0,-64.0,-53.0,18.0
235,Ontario,Ottawa Division,National Capital Region,-32.0,-9.0,-26.0,-68.0,-53.0,19.0
236,Ontario,Ottawa Division,National Capital Region,-24.0,3.0,5.0,-61.0,-52.0,18.0
237,Ontario,Ottawa Division,National Capital Region,-29.0,0.0,19.0,-57.0,-50.0,17.0
238,Ontario,Ottawa Division,National Capital Region,-29.0,1.0,89.0,-49.0,-4.0,6.0
239,Ontario,Ottawa Division,National Capital Region,-27.0,4.0,96.0,-51.0,0.0,3.0
240,Ontario,Ottawa Division,National Capital Region,-70.0,-62.0,42.0,-81.0,-84.0,24.0
241,Ontario,Ottawa Division,National Capital Region,-34.0,-7.0,-28.0,-65.0,-55.0,20.0
242,Ontario,Ottawa Division,National Capital Region,-31.0,-6.0,23.0,-63.0,-53.0,19.0
243,Ontario,Ottawa Division,National Capital Region,-33.0,-9.0,-25.0,-64.0,-54.0,21.0
244,Ontario,Ottawa Division,National Capital Region,-35.0,-8.0,-3.0,-61.0,-50.0,20.0
245,Ontario,Ottawa Division,National Capital Region,-25.0,-2.0,107.0,-46.0,-7.0,6.0
246,Ontario,Ottawa Division,National Capital Region,-25.0,-1.0,55.0,-52.0,-6.0,6.0
247,Ontario,Ottawa Division,National Capital Region,-34.0,-12.0,-19.0,-66.0,-57.0,20.0
248,Ontario,Ottawa Division,National Capital Region,-31.0,-7.0,0.0,-63.0,-54.0,19.0
249,Ontario,Ottawa Division,National Capital Region,-36.0,-13.0,-25.0,-67.0,-54.0,21.0
250,Ontario,Ottawa Division,National Capital Region,-30.0,-4.0,0.0,-61.0,-53.0,19.0
251,Ontario,Ottawa Division,National Capital Region,-30.0,-8.0,76.0,-56.0,-48.0,17.0
252,Ontario,Ottawa Division,National Capital Region,-27.0,-1.0,38.0,-49.0,-8.0,7.0
253,Ontario,Ottawa Division,National Capital Region,-23.0,1.0,60.0,-51.0,-4.0,5.0
254,Ontario,Ottawa Division,National Capital Region,-35.0,-13.0,-31.0,-66.0,-56.0,20.0
255,Ontario,Ottawa Division,National Capital Region,-31.0,-5.0,-15.0,-63.0,-53.0,19.0
256,Ontario,Ottawa Division,National Capital Region,-31.0,-6.0,-9.0,-63.0,-52.0,19.0
257,Ontario,Ottawa Division,National Capital Region,-28.0,-2.0,-21.0,-63.0,-52.0,19.0
258,Ontario,Ottawa Division,National Capital Region,-32.0,-3.0,-2.0,-59.0,-48.0,19.0
259,Ontario,Ottawa Division,National Capital Region,-26.0,3.0,51.0,-47.0,-6.0,6.0
260,Ontario,Ottawa Division,National Capital Region,-29.0,-3.0,-21.0,-56.0,-9.0,6.0
261,Ontario,Ottawa Division,National Capital Region,-35.0,-12.0,-29.0,-67.0,-55.0,19.0
262,Ontario,Ottawa Division,National Capital Region,-36.0,-15.0,-36.0,-66.0,-53.0,20.0
263,Ontario,Ottawa Division,National Capital Region,-35.0,-12.0,-14.0,-67.0,-52.0,20.0
264,Ontario,Ottawa Division,National Capital Region,-29.0,-7.0,10.0,-62.0,-51.0,19.0
265,Ontario,Ottawa Division,National Capital Region,-33.0,-11.0,21.0,-59.0,-48.0,19.0
266,Ontario,Ottawa Division,National Capital Region,-20.0,-3.0,114.0,-47.0,-2.0,5.0
267,Ontario,Ottawa Division,National Capital Region,-15.0,1.0,143.0,-49.0,2.0,3.0
268,Ontario,Ottawa Division,National Capital Region,-27.0,-8.0,34.0,-64.0,-53.0,18.0
269,Ontario,Ottawa Division,National Capital Region,-25.0,-6.0,20.0,-60.0,-50.0,18.0
270,Ontario,Ottawa Division,National Capital Region,-26.0,-9.0,-2.0,-65.0,-56.0,20.0
271,Ontario,Ottawa Division,National Capital Region,-26.0,-3.0,-14.0,-62.0,-50.0,19.0
272,Ontario,Ottawa Division,National Capital Region,-30.0,-10.0,-12.0,-60.0,-48.0,20.0
273,Ontario,Ottawa Division,National Capital Region,-20.0,-1.0,37.0,-48.0,-4.0,6.0
274,Ontario,Ottawa Division,National Capital Region,-26.0,-8.0,-30.0,-56.0,-6.0,7.0
275,Ontario,Ottawa Division,National Capital Region,-31.0,-12.0,-24.0,-66.0,-54.0,19.0
276,Ontario,Ottawa Division,National Capital Region,-31.0,-12.0,-31.0,-65.0,-50.0,20.0
277,Ontario,Ottawa Division,National Capital Region,-32.0,-12.0,-30.0,-67.0,-51.0,20.0
278,Ontario,Ottawa Division,National Capital Region,-27.0,-6.0,-18.0,-64.0,-50.0,19.0
279,Ontario,Ottawa Division,National Capital Region,-29.0,-8.0,9.0,-61.0,-47.0,19.0
280,Ontario,Ottawa Division,National Capital Region,-19.0,1.0,24.0,-53.0,-3.0,7.0
281,Ontario,Ottawa Division,National Capital Region,-22.0,-1.0,-9.0,-57.0,-4.0,7.0
282,Ontario,Ottawa Division,National Capital Region,-33.0,-18.0,-26.0,-66.0,-54.0,20.0
283,Ontario,Ottawa Division,National Capital Region,-29.0,-10.0,-33.0,-66.0,-50.0,19.0
284,Ontario,Ottawa Division,National Capital Region,-39.0,-22.0,-36.0,-68.0,-52.0,21.0
285,Ontario,Ottawa Division,National Capital Region,-25.0,-5.0,-37.0,-65.0,-50.0,20.0
286,Ontario,Ottawa Division,National Capital Region,-25.0,-5.0,-21.0,-59.0,-46.0,19.0
287,Ontario,Ottawa Division,National Capital Region,-16.0,4.0,7.0,-48.0,-1.0,7.0
288,Ontario,Ottawa Division,National Capital Region,-14.0,6.0,40.0,-51.0,1.0,5.0
289,Ontario,Ottawa Division,National Capital Region,-28.0,-11.0,-38.0,-67.0,-53.0,19.0
290,Ontario,Ottawa Division,National Capital Region,-28.0,-4.0,-39.0,-66.0,-50.0,19.0
291,Ontario,Ottawa Division,National Capital Region,-31.0,-8.0,-31.0,-68.0,-50.0,20.0
292,Ontario,Ottawa Division,National Capital Region,-26.0,-2.0,-29.0,-64.0,-49.0,19.0
293,Ontario,Ottawa Division,National Capital Region,-32.0,-9.0,-28.0,-63.0,-46.0,20.0
294,Ontario,Ottawa Division,National Capital Region,-20.0,2.0,-6.0,-53.0,-3.0,7.0
295,Ontario,Ottawa Division,National Capital Region,-19.0,3.0,10.0,-57.0,0.0,6.0
296,Ontario,Ottawa Division,National Capital Region,-28.0,-7.0,-21.0,-67.0,-53.0,19.0
297,Ontario,Ottawa Division,National Capital Region,-29.0,-8.0,-31.0,-67.0,-49.0,19.0
298,Ontario,Ottawa Division,National Capital Region,-34.0,-11.0,-28.0,-68.0,-50.0,20.0
299,Ontario,Ottawa Division,National Capital Region,-25.0,0.0,-29.0,-64.0,-49.0,19.0
300,Ontario,Ottawa Division,National Capital Region,-27.0,-1.0,-14.0,-62.0,-45.0,19.0
301,Ontario,Ottawa Division,National Capital Region,-27.0,-3.0,-25.0,-55.0,-6.0,9.0
302,Ontario,Ottawa Division,National Capital Region,-20.0,2.0,-9.0,-58.0,-1.0,6.0
303,Ontario,Ottawa Division,National Capital Region,-27.0,-4.0,-26.0,-68.0,-53.0,19.0
304,Ontario,Ottawa Division,National Capital Region,-28.0,-6.0,-43.0,-67.0,-50.0,19.0
305,Ontario,Ottawa Division,National Capital Region,-30.0,-8.0,-45.0,-69.0,-50.0,20.0
306,Ontario,Ottawa Division,National Capital Region,-22.0,4.0,-36.0,-65.0,-49.0,19.0
307,Ontario,Ottawa Division,National Capital Region,-28.0,-3.0,-24.0,-62.0,-45.0,19.0
308,Ontario,Ottawa Division,National Capital Region,-20.0,5.0,-2.0,-50.0,-2.0,7.0
309,Ontario,Ottawa Division,National Capital Region,-21.0,2.0,5.0,-55.0,2.0,6.0
310,Ontario,Ottawa Division,National Capital Region,-8.0,25.0,-14.0,-65.0,-59.0,18.0
311,Ontario,Ottawa Division,National Capital Region,-9.0,30.0,-33.0,-65.0,-57.0,18.0
312,Ontario,Ottawa Division,National Capital Region,-9.0,40.0,-31.0,-66.0,-57.0,18.0
313,Ontario,Ottawa Division,National Capital Region,-26.0,28.0,-47.0,-70.0,-67.0,20.0
314,Ontario,Ottawa Division,National Capital Region,-88.0,-83.0,-49.0,-87.0,-85.0,28.0
315,Ontario,Ottawa Division,National Capital Region,-68.0,-50.0,-23.0,-74.0,-37.0,13.0
316,Ontario,Ottawa Division,National Capital Region,-53.0,-26.0,15.0,-69.0,-19.0,9.0
317,Ontario,Ottawa Division,National Capital Region,-53.0,-23.0,-28.0,-81.0,-78.0,27.0
318,Ontario,Ottawa Division,National Capital Region,-47.0,-10.0,-30.0,-77.0,-69.0,25.0
319,Ontario,Ottawa Division,National Capital Region,-46.0,-3.0,-26.0,-77.0,-69.0,26.0
320,Ontario,Ottawa Division,National Capital Region,-38.0,14.0,-16.0,-76.0,-71.0,25.0
321,Ontario,Ottawa Division,National Capital Region,-83.0,-77.0,-7.0,-86.0,-86.0,33.0
322,Ontario,Ottawa Division,National Capital Region,-54.0,-23.0,49.0,-65.0,-26.0,13.0
323,Ontario,Ottawa Division,National Capital Region,-48.0,-15.0,29.0,-65.0,-16.0,10.0
324,Ontario,Ottawa Division,National Capital Region,-47.0,-15.0,-24.0,-75.0,-62.0,23.0
325,Ontario,Ottawa Division,National Capital Region,-49.0,-17.0,-33.0,-73.0,-61.0,24.0
326,Ontario,Ottawa Division,National Capital Region,-50.0,-18.0,-33.0,-75.0,-60.0,24.0
327,Ontario,Ottawa Division,National Capital Region,-49.0,-15.0,-36.0,-74.0,-60.0,25.0
328,Ontario,Ottawa Division,National Capital Region,-52.0,-20.0,-27.0,-73.0,-57.0,25.0
329,Ontario,Ottawa Division,National Capital Region,-50.0,-13.0,25.0,-67.0,-20.0,12.0
330,Ontario,Ottawa Division,National Capital Region,-48.0,-14.0,25.0,-68.0,-17.0,9.0
331,Ontario,Ottawa Division,National Capital Region,-51.0,-20.0,-26.0,-76.0,-62.0,24.0
332,Ontario,Ottawa Division,National Capital Region,-50.0,-16.0,-33.0,-75.0,-60.0,24.0
333,Ontario,Ottawa Division,National Capital Region,-50.0,-16.0,-43.0,-75.0,-61.0,24.0
334,Ontario,Ottawa Division,National Capital Region,-57.0,-26.0,-46.0,-77.0,-64.0,26.0
335,Ontario,Ottawa Division,National Capital Region,-56.0,-20.0,-36.0,-76.0,-61.0,27.0
336,Ontario,Ottawa Division,National Capital Region,-66.0,-41.0,-6.0,-72.0,-33.0,15.0
337,Ontario,Ottawa Division,National Capital Region,-53.0,-21.0,12.0,-71.0,-25.0,11.0
338,Ontario,Ottawa Division,National Capital Region,-55.0,-27.0,-35.0,-78.0,-65.0,25.0
339,Ontario,Ottawa Division,National Capital Region,-56.0,-27.0,-44.0,-77.0,-64.0,25.0
340,Ontario,Ottawa Division,National Capital Region,-56.0,-26.0,-44.0,-78.0,-63.0,26.0
341,Ontario,Ottawa Division,National Capital Region,-57.0,-30.0,-44.0,-76.0,-64.0,26.0
342,Ontario,Ottawa Division,National Capital Region,-54.0,-21.0,-28.0,-75.0,-60.0,27.0
343,Ontario,Ottawa Division,National Capital Region,-54.0,-19.0,-18.0,-72.0,-27.0,13.0
344,Ontario,Ottawa Division,National Capital Region,-53.0,-21.0,-14.0,-74.0,-25.0,11.0
345,Ontario,Ottawa Division,National Capital Region,-55.0,-28.0,-37.0,-77.0,-65.0,25.0
346,Ontario,Ottawa Division,National Capital Region,-56.0,-27.0,-41.0,-77.0,-63.0,25.0
347,Ontario,Ottawa Division,National Capital Region,-55.0,-25.0,-32.0,-76.0,-63.0,25.0
348,Ontario,Ottawa Division,National Capital Region,-53.0,-22.0,-47.0,-76.0,-63.0,26.0
349,Ontario,Ottawa Division,National Capital Region,-55.0,-23.0,-43.0,-76.0,-60.0,27.0
350,Ontario,Ottawa Division,National Capital Region,-51.0,-15.0,3.0,-71.0,-25.0,13.0
351,Ontario,Ottawa Division,National Capital Region,-49.0,-15.0,18.0,-72.0,-22.0,10.0
352,Ontario,Ottawa Division,National Capital Region,-51.0,-20.0,-24.0,-76.0,-60.0,23.0
353,Ontario,Ottawa Division,National Capital Region,-53.0,-22.0,-33.0,-75.0,-59.0,23.0
354,Ontario,Ottawa Division,National Capital Region,-52.0,-20.0,-22.0,-76.0,-58.0,23.0
355,Ontario,Ottawa Division,National Capital Region,-48.0,-15.0,-10.0,-74.0,-58.0,23.0
356,Ontario,Ottawa Division,National Capital Region,-55.0,-25.0,-26.0,-75.0,-55.0,25.0
357,Ontario,Ottawa Division,National Capital Region,-49.0,-13.0,38.0,-71.0,-23.0,12.0
358,Ontario,Ottawa Division,National Capital Region,-50.0,-17.0,32.0,-73.0,-21.0,10.0
359,Ontario,Ottawa Division,National Capital Region,-52.0,-24.0,-25.0,-77.0,-60.0,22.0
360,Ontario,Ottawa Division,National Capital Region,-52.0,-21.0,-28.0,-75.0,-57.0,23.0
361,Ontario,Ottawa Division,National Capital Region,-52.0,-19.0,-25.0,-76.0,-57.0,23.0
362,Ontario,Ottawa Division,National Capital Region,-48.0,-13.0,-35.0,-74.0,-57.0,24.0
363,Ontario,Ottawa Division,National Capital Region,-52.0,-16.0,-39.0,-75.0,-55.0,25.0
364,Ontario,Ottawa Division,National Capital Region,-48.0,-4.0,-4.0,-70.0,-22.0,12.0
365,Ontario,Ottawa Division,National Capital Region,-37.0,6.0,77.0,-68.0,-13.0,8.0
366,Ontario,Ottawa Division,National Capital Region,-73.0,-61.0,12.0,-85.0,-83.0,29.0
367,Ontario,Ottawa Division,National Capital Region,-47.0,-21.0,-52.0,-72.0,-59.0,23.0
368,Ontario,Ottawa Division,National Capital Region,-36.0,-7.0,-28.0,-70.0,-53.0,20.0
369,Ontario,Ottawa Division,National Capital Region,-34.0,-9.0,-30.0,-69.0,-53.0,21.0
370,Ontario,Ottawa Division,National Capital Region,-40.0,-16.0,-27.0,-68.0,-49.0,21.0
371,Ontario,Ottawa Division,National Capital Region,-26.0,-3.0,46.0,-57.0,-8.0,8.0
372,Ontario,Ottawa Division,National Capital Region,-25.0,-2.0,62.0,-60.0,-5.0,6.0
373,Ontario,Ottawa Division,National Capital Region,-43.0,-22.0,-34.0,-73.0,-55.0,21.0
374,Ontario,Ottawa Division,National Capital Region,-38.0,-13.0,-40.0,-71.0,-53.0,21.0
375,Ontario,Ottawa Division,National Capital Region,-42.0,-21.0,-42.0,-72.0,-53.0,21.0
376,Ontario,Ottawa Division,National Capital Region,-35.0,-11.0,-35.0,-69.0,-52.0,21.0
377,Ontario,Ottawa Division,National Capital Region,-35.0,-8.0,-17.0,-66.0,-48.0,20.0
378,Ontario,Toronto Division,Greater Toronto Area,0.0,2.0,15.0,1.0,0.0,-1.0
379,Ontario,Toronto Division,Greater Toronto Area,11.0,10.0,35.0,8.0,-4.0,-3.0
380,Ontario,Toronto Division,Greater Toronto Area,-26.0,-45.0,49.0,-50.0,-76.0,17.0
381,Ontario,Toronto Division,Greater Toronto Area,-3.0,11.0,-2.0,1.0,-1.0,0.0
382,Ontario,Toronto Division,Greater Toronto Area,-1.0,3.0,-3.0,-2.0,0.0,1.0
383,Ontario,Toronto Division,Greater Toronto Area,2.0,5.0,2.0,-1.0,2.0,0.0
384,Ontario,Toronto Division,Greater Toronto Area,1.0,-1.0,20.0,2.0,-6.0,2.0
385,Ontario,Toronto Division,Greater Toronto Area,8.0,8.0,56.0,13.0,7.0,-1.0
386,Ontario,Toronto Division,Greater Toronto Area,9.0,7.0,64.0,13.0,3.0,-2.0
387,Ontario,Toronto Division,Greater Toronto Area,1.0,2.0,22.0,-2.0,1.0,0.0
388,Ontario,Toronto Division,Greater Toronto Area,1.0,5.0,5.0,2.0,1.0,0.0
389,Ontario,Toronto Division,Greater Toronto Area,-10.0,-7.0,-13.0,-7.0,-4.0,3.0
390,Ontario,Toronto Division,Greater Toronto Area,-8.0,-6.0,-13.0,-3.0,-3.0,3.0
391,Ontario,Toronto Division,Greater Toronto Area,-5.0,-1.0,-8.0,-1.0,0.0,1.0
392,Ontario,Toronto Division,Greater Toronto Area,3.0,8.0,16.0,3.0,7.0,-1.0
393,Ontario,Toronto Division,Greater Toronto Area,5.0,12.0,28.0,4.0,4.0,-1.0
394,Ontario,Toronto Division,Greater Toronto Area,0.0,6.0,2.0,0.0,3.0,0.0
395,Ontario,Toronto Division,Greater Toronto Area,-2.0,3.0,-4.0,1.0,3.0,0.0
396,Ontario,Toronto Division,Greater Toronto Area,3.0,5.0,3.0,0.0,2.0,0.0
397,Ontario,Toronto Division,Greater Toronto Area,4.0,10.0,24.0,2.0,-1.0,1.0
398,Ontario,Toronto Division,Greater Toronto Area,-4.0,-1.0,-4.0,-3.0,2.0,1.0
399,Ontario,Toronto Division,Greater Toronto Area,7.0,8.0,50.0,8.0,7.0,-1.0
400,Ontario,Toronto Division,Greater Toronto Area,8.0,9.0,102.0,8.0,3.0,-1.0
401,Ontario,Toronto Division,Greater Toronto Area,1.0,5.0,48.0,-3.0,1.0,1.0
402,Ontario,Toronto Division,Greater Toronto Area,-2.0,2.0,0.0,-5.0,0.0,1.0
403,Ontario,Toronto Division,Greater Toronto Area,-2.0,5.0,-2.0,-6.0,-1.0,2.0
404,Ontario,Toronto Division,Greater Toronto Area,-1.0,30.0,4.0,-8.0,-1.0,2.0
405,Ontario,Toronto Division,Greater Toronto Area,-9.0,40.0,-13.0,-18.0,-9.0,5.0
406,Ontario,Toronto Division,Greater Toronto Area,-17.0,23.0,1.0,-23.0,-3.0,4.0
407,Ontario,Toronto Division,Greater Toronto Area,-20.0,11.0,38.0,-25.0,-10.0,4.0
408,Ontario,Toronto Division,Greater Toronto Area,-23.0,19.0,-4.0,-45.0,-37.0,13.0
409,Ontario,Toronto Division,Greater Toronto Area,-39.0,7.0,-4.0,-54.0,-46.0,17.0
410,Ontario,Toronto Division,Greater Toronto Area,-45.0,-5.0,-12.0,-58.0,-52.0,21.0
411,Ontario,Toronto Division,Greater Toronto Area,-48.0,-4.0,-3.0,-61.0,-54.0,22.0
412,Ontario,Toronto Division,Greater Toronto Area,-53.0,-12.0,-17.0,-62.0,-57.0,24.0
413,Ontario,Toronto Division,Greater Toronto Area,-56.0,-16.0,16.0,-56.0,-39.0,14.0
414,Ontario,Toronto Division,Greater Toronto Area,-60.0,-27.0,-10.0,-60.0,-43.0,12.0
415,Ontario,Toronto Division,Greater Toronto Area,-56.0,-22.0,-52.0,-69.0,-62.0,25.0
416,Ontario,Toronto Division,Greater Toronto Area,-56.0,-18.0,-11.0,-69.0,-63.0,25.0
417,Ontario,Toronto Division,Greater Toronto Area,-62.0,-29.0,-5.0,-72.0,-67.0,28.0
418,Ontario,Toronto Division,Greater Toronto Area,-63.0,-28.0,-20.0,-72.0,-67.0,29.0
419,Ontario,Toronto Division,Greater Toronto Area,-62.0,-27.0,1.0,-70.0,-67.0,29.0
420,Ontario,Toronto Division,Greater Toronto Area,-67.0,-34.0,-43.0,-68.0,-51.0,18.0
421,Ontario,Toronto Division,Greater Toronto Area,-66.0,-38.0,-10.0,-66.0,-51.0,14.0
422,Ontario,Toronto Division,Greater Toronto Area,-64.0,-35.0,-46.0,-74.0,-69.0,28.0
423,Ontario,Toronto Division,Greater Toronto Area,-61.0,-27.0,-41.0,-72.0,-69.0,27.0
424,Ontario,Toronto Division,Greater Toronto Area,-60.0,-28.0,-9.0,-72.0,-69.0,28.0
425,Ontario,Toronto Division,Greater Toronto Area,-61.0,-27.0,-11.0,-73.0,-68.0,29.0
426,Ontario,Toronto Division,Greater Toronto Area,-64.0,-30.0,-40.0,-73.0,-68.0,30.0
427,Ontario,Toronto Division,Greater Toronto Area,-65.0,-32.0,-29.0,-67.0,-51.0,18.0
428,Ontario,Toronto Division,Greater Toronto Area,-67.0,-36.0,-11.0,-67.0,-52.0,14.0
429,Ontario,Toronto Division,Greater Toronto Area,-63.0,-31.0,-15.0,-74.0,-69.0,27.0
430,Ontario,Toronto Division,Greater Toronto Area,-64.0,-29.0,-29.0,-74.0,-69.0,28.0
431,Ontario,Toronto Division,Greater Toronto Area,-62.0,-25.0,-14.0,-73.0,-70.0,28.0
432,Ontario,Toronto Division,Greater Toronto Area,-56.0,-10.0,-39.0,-72.0,-70.0,28.0
433,Ontario,Toronto Division,Greater Toronto Area,-84.0,-71.0,-38.0,-84.0,-88.0,39.0
434,Ontario,Toronto Division,Greater Toronto Area,-64.0,-23.0,-27.0,-65.0,-53.0,18.0
435,Ontario,Toronto Division,Greater Toronto Area,-82.0,-69.0,-21.0,-72.0,-58.0,16.0
436,Ontario,Toronto Division,Greater Toronto Area,-67.0,-34.0,-55.0,-78.0,-73.0,30.0
437,Ontario,Toronto Division,Greater Toronto Area,-62.0,-25.0,-39.0,-74.0,-69.0,28.0
438,Ontario,Toronto Division,Greater Toronto Area,-63.0,-30.0,-44.0,-75.0,-70.0,29.0
439,Ontario,Toronto Division,Greater Toronto Area,-64.0,-28.0,-42.0,-75.0,-69.0,30.0
440,Ontario,Toronto Division,Greater Toronto Area,-65.0,-30.0,-42.0,-73.0,-69.0,31.0
441,Ontario,Toronto Division,Greater Toronto Area,-65.0,-29.0,-13.0,-64.0,-48.0,17.0
442,Ontario,Toronto Division,Greater Toronto Area,-69.0,-41.0,-38.0,-68.0,-49.0,15.0
443,Ontario,Toronto Division,Greater Toronto Area,-62.0,-30.0,-16.0,-73.0,-68.0,27.0
444,Ontario,Toronto Division,Greater Toronto Area,-65.0,-33.0,-51.0,-75.0,-69.0,28.0
445,Ontario,Toronto Division,Greater Toronto Area,-62.0,-28.0,-30.0,-74.0,-68.0,29.0
446,Ontario,Toronto Division,Greater Toronto Area,-63.0,-26.0,-36.0,-74.0,-68.0,29.0
447,Ontario,Toronto Division,Greater Toronto Area,-64.0,-29.0,-29.0,-72.0,-67.0,30.0
448,Ontario,Toronto Division,Greater Toronto Area,-63.0,-27.0,24.0,-61.0,-47.0,16.0
449,Ontario,Toronto Division,Greater Toronto Area,-68.0,-40.0,-50.0,-69.0,-49.0,15.0
450,Ontario,Toronto Division,Greater Toronto Area,-61.0,-26.0,12.0,-71.0,-67.0,26.0
451,Ontario,Toronto Division,Greater Toronto Area,-61.0,-27.0,-17.0,-72.0,-68.0,27.0
452,Ontario,Toronto Division,Greater Toronto Area,-62.0,-30.0,-40.0,-73.0,-68.0,29.0
453,Ontario,Toronto Division,Greater Toronto Area,-61.0,-24.0,-28.0,-72.0,-68.0,29.0
454,Ontario,Toronto Division,Greater Toronto Area,-60.0,-21.0,3.0,-68.0,-66.0,28.0
455,Ontario,Toronto Division,Greater Toronto Area,-63.0,-27.0,-13.0,-60.0,-45.0,16.0
456,Ontario,Toronto Division,Greater Toronto Area,-58.0,-25.0,76.0,-53.0,-40.0,11.0
457,Ontario,Toronto Division,Greater Toronto Area,-60.0,-25.0,-12.0,-71.0,-66.0,26.0
458,Ontario,Toronto Division,Greater Toronto Area,-58.0,-21.0,-4.0,-69.0,-66.0,26.0
459,Ontario,Toronto Division,Greater Toronto Area,-58.0,-22.0,7.0,-69.0,-66.0,27.0
460,Ontario,Toronto Division,Greater Toronto Area,-59.0,-21.0,-16.0,-70.0,-66.0,28.0
461,Ontario,Toronto Division,Greater Toronto Area,-60.0,-22.0,-33.0,-69.0,-65.0,29.0
462,Ontario,Toronto Division,Greater Toronto Area,-60.0,-23.0,-41.0,-63.0,-42.0,17.0
463,Ontario,Toronto Division,Greater Toronto Area,-57.0,-24.0,-22.0,-59.0,-38.0,12.0
464,Ontario,Toronto Division,Greater Toronto Area,-60.0,-29.0,-30.0,-71.0,-65.0,27.0
465,Ontario,Toronto Division,Greater Toronto Area,-57.0,-22.0,-14.0,-69.0,-64.0,26.0
466,Ontario,Toronto Division,Greater Toronto Area,-54.0,-19.0,25.0,-67.0,-64.0,26.0
467,Ontario,Toronto Division,Greater Toronto Area,-57.0,-23.0,-33.0,-70.0,-64.0,28.0
468,Ontario,Toronto Division,Greater Toronto Area,-56.0,-20.0,-21.0,-68.0,-64.0,28.0
469,Ontario,Toronto Division,Greater Toronto Area,-53.0,-16.0,91.0,-49.0,-38.0,12.0
470,Ontario,Toronto Division,Greater Toronto Area,-54.0,-20.0,14.0,-57.0,-38.0,11.0
471,Ontario,Toronto Division,Greater Toronto Area,-76.0,-62.0,-44.0,-82.0,-85.0,33.0
472,Ontario,Toronto Division,Greater Toronto Area,-50.0,-11.0,5.0,-66.0,-63.0,24.0
473,Ontario,Toronto Division,Greater Toronto Area,-47.0,-10.0,63.0,-63.0,-62.0,24.0
474,Ontario,Toronto Division,Greater Toronto Area,-48.0,-9.0,68.0,-64.0,-62.0,24.0
475,Ontario,Toronto Division,Greater Toronto Area,-50.0,-14.0,64.0,-61.0,-60.0,24.0
476,Ontario,Toronto Division,Greater Toronto Area,-48.0,-14.0,127.0,-45.0,-31.0,11.0
477,Ontario,Toronto Division,Greater Toronto Area,-49.0,-21.0,102.0,-48.0,-31.0,9.0
478,Ontario,Toronto Division,Greater Toronto Area,-47.0,-16.0,69.0,-63.0,-62.0,22.0
479,Ontario,Toronto Division,Greater Toronto Area,-46.0,-14.0,68.0,-63.0,-60.0,22.0
480,Ontario,Toronto Division,Greater Toronto Area,-46.0,-14.0,60.0,-63.0,-60.0,23.0
481,Ontario,Toronto Division,Greater Toronto Area,-50.0,-18.0,-12.0,-66.0,-60.0,25.0
482,Ontario,Toronto Division,Greater Toronto Area,-50.0,-17.0,-6.0,-63.0,-59.0,25.0
483,Ontario,Toronto Division,Greater Toronto Area,-47.0,-13.0,68.0,-44.0,-24.0,11.0
484,Ontario,Toronto Division,Greater Toronto Area,-46.0,-17.0,79.0,-46.0,-22.0,8.0
485,Ontario,Toronto Division,Greater Toronto Area,-44.0,-12.0,78.0,-61.0,-58.0,21.0
486,Ontario,Toronto Division,Greater Toronto Area,-46.0,-15.0,48.0,-62.0,-59.0,22.0
487,Ontario,Toronto Division,Greater Toronto Area,-46.0,-15.0,51.0,-62.0,-59.0,23.0
488,Ontario,Toronto Division,Greater Toronto Area,-45.0,-9.0,85.0,-61.0,-58.0,22.0
489,Ontario,Toronto Division,Greater Toronto Area,-47.0,-14.0,46.0,-60.0,-57.0,23.0
490,Ontario,Toronto Division,Greater Toronto Area,-44.0,-12.0,129.0,-44.0,-22.0,9.0
491,Ontario,Toronto Division,Greater Toronto Area,-43.0,-16.0,135.0,-45.0,-22.0,7.0
492,Ontario,Toronto Division,Greater Toronto Area,-42.0,-12.0,89.0,-60.0,-57.0,20.0
493,Ontario,Toronto Division,Greater Toronto Area,-43.0,-12.0,95.0,-61.0,-57.0,20.0
494,Ontario,Toronto Division,Greater Toronto Area,-43.0,-14.0,49.0,-62.0,-57.0,22.0
495,Ontario,Toronto Division,Greater Toronto Area,-42.0,-8.0,85.0,-60.0,-56.0,22.0
496,Ontario,Toronto Division,Greater Toronto Area,-43.0,-11.0,75.0,-58.0,-55.0,21.0
497,Ontario,Toronto Division,Greater Toronto Area,-42.0,-11.0,131.0,-42.0,-17.0,8.0
498,Ontario,Toronto Division,Greater Toronto Area,-41.0,-15.0,134.0,-43.0,-17.0,6.0
499,Ontario,Toronto Division,Greater Toronto Area,-41.0,-12.0,91.0,-59.0,-56.0,20.0
500,Ontario,Toronto Division,Greater Toronto Area,-40.0,-10.0,104.0,-59.0,-55.0,20.0
501,Ontario,Toronto Division,Greater Toronto Area,-41.0,-11.0,97.0,-59.0,-56.0,21.0
502,Ontario,Toronto Division,Greater Toronto Area,-40.0,-6.0,105.0,-59.0,-55.0,20.0
503,Ontario,Toronto Division,Greater Toronto Area,-43.0,-9.0,96.0,-56.0,-54.0,19.0
504,Ontario,Toronto Division,Greater Toronto Area,-42.0,-10.0,138.0,-40.0,-15.0,6.0
505,Ontario,Toronto Division,Greater Toronto Area,-42.0,-17.0,113.0,-43.0,-12.0,4.0
506,Ontario,Toronto Division,Greater Toronto Area,-43.0,-16.0,64.0,-61.0,-57.0,20.0
507,Ontario,Toronto Division,Greater Toronto Area,-44.0,-15.0,28.0,-61.0,-57.0,21.0
508,Ontario,Toronto Division,Greater Toronto Area,-37.0,-9.0,71.0,-57.0,-55.0,20.0
509,Ontario,Toronto Division,Greater Toronto Area,-36.0,-5.0,96.0,-56.0,-54.0,19.0
510,Ontario,Toronto Division,Greater Toronto Area,-38.0,-9.0,105.0,-53.0,-53.0,18.0
511,Ontario,Toronto Division,Greater Toronto Area,-38.0,-11.0,113.0,-38.0,-15.0,7.0
512,Ontario,Toronto Division,Greater Toronto Area,-36.0,-14.0,154.0,-35.0,-10.0,3.0
513,Ontario,Toronto Division,Greater Toronto Area,-33.0,-7.0,101.0,-57.0,-55.0,17.0
514,Ontario,Toronto Division,Greater Toronto Area,-24.0,14.0,109.0,-54.0,-54.0,15.0
515,Ontario,Toronto Division,Greater Toronto Area,-56.0,-46.0,220.0,-66.0,-76.0,21.0
516,Ontario,Toronto Division,Greater Toronto Area,-31.0,3.0,82.0,-57.0,-56.0,18.0
517,Ontario,Toronto Division,Greater Toronto Area,-35.0,-4.0,92.0,-55.0,-57.0,18.0
518,Ontario,Toronto Division,Greater Toronto Area,-36.0,-10.0,141.0,-39.0,-15.0,5.0
519,Ontario,Toronto Division,Greater Toronto Area,-35.0,-14.0,129.0,-40.0,-13.0,3.0
520,Ontario,Toronto Division,Greater Toronto Area,-33.0,-6.0,100.0,-57.0,-55.0,17.0
521,Ontario,Toronto Division,Greater Toronto Area,-34.0,-6.0,95.0,-56.0,-55.0,17.0
522,Ontario,Toronto Division,Greater Toronto Area,-34.0,-9.0,68.0,-57.0,-55.0,18.0
523,Ontario,Toronto Division,Greater Toronto Area,-33.0,-2.0,87.0,-56.0,-54.0,18.0
524,Ontario,Toronto Division,Greater Toronto Area,-36.0,-7.0,79.0,-55.0,-53.0,18.0
525,Ontario,Toronto Division,Greater Toronto Area,-38.0,-11.0,30.0,-44.0,-15.0,8.0
526,Ontario,Toronto Division,Greater Toronto Area,-32.0,-10.0,131.0,-37.0,-11.0,3.0
527,Ontario,Toronto Division,Greater Toronto Area,-34.0,-8.0,86.0,-57.0,-54.0,17.0
528,Ontario,Toronto Division,Greater Toronto Area,-33.0,-6.0,109.0,-56.0,-54.0,17.0
529,Ontario,Toronto Division,Greater Toronto Area,-32.0,-8.0,101.0,-56.0,-53.0,17.0
530,Ontario,Toronto Division,Greater Toronto Area,-36.0,-6.0,22.0,-59.0,-53.0,19.0
531,Ontario,Toronto Division,Greater Toronto Area,-34.0,-5.0,109.0,-52.0,-52.0,16.0
532,Ontario,Toronto Division,Greater Toronto Area,-34.0,-9.0,147.0,-35.0,-11.0,4.0
533,Ontario,Toronto Division,Greater Toronto Area,-38.0,-16.0,66.0,-45.0,-15.0,4.0
534,Ontario,Toronto Division,Greater Toronto Area,-31.0,-6.0,109.0,-56.0,-53.0,16.0
535,Ontario,Toronto Division,Greater Toronto Area,-32.0,-5.0,110.0,-56.0,-52.0,16.0
536,Ontario,Toronto Division,Greater Toronto Area,-36.0,-12.0,24.0,-59.0,-54.0,19.0
537,Ontario,Toronto Division,Greater Toronto Area,-31.0,-2.0,105.0,-55.0,-52.0,17.0
538,Ontario,Toronto Division,Greater Toronto Area,-34.0,-7.0,106.0,-53.0,-51.0,16.0
539,Ontario,Toronto Division,Greater Toronto Area,-33.0,-9.0,156.0,-35.0,-12.0,3.0
540,Ontario,Toronto Division,Greater Toronto Area,-33.0,-13.0,130.0,-37.0,-12.0,2.0
541,Ontario,Toronto Division,Greater Toronto Area,-35.0,-10.0,60.0,-58.0,-54.0,17.0
542,Ontario,Toronto Division,Greater Toronto Area,-32.0,-5.0,104.0,-55.0,-53.0,16.0
543,Ontario,Toronto Division,Greater Toronto Area,-30.0,-7.0,85.0,-56.0,-54.0,17.0
544,Ontario,Toronto Division,Greater Toronto Area,-28.0,-1.0,101.0,-54.0,-53.0,16.0
545,Ontario,Toronto Division,Greater Toronto Area,-29.0,-4.0,105.0,-51.0,-52.0,14.0
546,Ontario,Toronto Division,Greater Toronto Area,-32.0,-12.0,135.0,-34.0,-14.0,2.0
547,Ontario,Toronto Division,Greater Toronto Area,-33.0,-16.0,23.0,-45.0,-18.0,4.0
548,Ontario,Toronto Division,Greater Toronto Area,-43.0,-31.0,85.0,-69.0,-77.0,20.0
549,Ontario,Toronto Division,Greater Toronto Area,-32.0,-7.0,13.0,-57.0,-55.0,17.0
550,Ontario,Toronto Division,Greater Toronto Area,-26.0,-5.0,103.0,-53.0,-53.0,16.0
551,Ontario,Toronto Division,Greater Toronto Area,-26.0,-3.0,111.0,-53.0,-52.0,16.0
552,Ontario,Toronto Division,Greater Toronto Area,-30.0,-9.0,104.0,-51.0,-51.0,15.0
553,Ontario,Toronto Division,Greater Toronto Area,-28.0,-11.0,162.0,-32.0,-10.0,2.0
554,Ontario,Toronto Division,Greater Toronto Area,-28.0,-15.0,128.0,-35.0,-11.0,1.0
555,Ontario,Toronto Division,Greater Toronto Area,-29.0,-11.0,91.0,-56.0,-53.0,15.0
556,Ontario,Toronto Division,Greater Toronto Area,-29.0,-9.0,89.0,-55.0,-53.0,16.0
557,Ontario,Toronto Division,Greater Toronto Area,-27.0,-10.0,102.0,-54.0,-53.0,16.0
558,Ontario,Toronto Division,Greater Toronto Area,-27.0,-7.0,104.0,-53.0,-52.0,16.0
559,Ontario,Toronto Division,Greater Toronto Area,-29.0,-10.0,100.0,-50.0,-51.0,14.0
560,Ontario,Toronto Division,Greater Toronto Area,-27.0,-12.0,155.0,-31.0,-11.0,1.0
561,Ontario,Toronto Division,Greater Toronto Area,-27.0,-15.0,79.0,-38.0,-13.0,2.0
562,Ontario,Toronto Division,Greater Toronto Area,-31.0,-15.0,49.0,-56.0,-54.0,16.0
563,Ontario,Toronto Division,Greater Toronto Area,-27.0,-9.0,93.0,-53.0,-52.0,15.0
564,Ontario,Toronto Division,Greater Toronto Area,-27.0,-11.0,92.0,-53.0,-52.0,15.0
565,Ontario,Toronto Division,Greater Toronto Area,-25.0,-4.0,106.0,-52.0,-51.0,15.0
566,Ontario,Toronto Division,Greater Toronto Area,-29.0,-8.0,87.0,-50.0,-50.0,14.0
567,Ontario,Toronto Division,Greater Toronto Area,-27.0,-11.0,141.0,-30.0,-9.0,2.0
568,Ontario,Toronto Division,Greater Toronto Area,-26.0,-14.0,122.0,-33.0,-10.0,0.0
569,Ontario,Toronto Division,Greater Toronto Area,-28.0,-10.0,86.0,-54.0,-52.0,15.0
570,Ontario,Toronto Division,Greater Toronto Area,-26.0,-7.0,103.0,-52.0,-52.0,14.0
571,Ontario,Toronto Division,Greater Toronto Area,-28.0,-12.0,49.0,-54.0,-51.0,16.0
572,Ontario,Toronto Division,Greater Toronto Area,-26.0,-5.0,80.0,-52.0,-50.0,15.0
573,Ontario,Toronto Division,Greater Toronto Area,-28.0,-8.0,79.0,-49.0,-50.0,14.0
574,Ontario,Toronto Division,Greater Toronto Area,-26.0,-8.0,103.0,-32.0,-10.0,3.0
575,Ontario,Toronto Division,Greater Toronto Area,-22.0,-11.0,142.0,-28.0,-9.0,0.0
576,Ontario,Toronto Division,Greater Toronto Area,-24.0,-7.0,92.0,-51.0,-52.0,13.0
577,Ontario,Toronto Division,Greater Toronto Area,-25.0,-6.0,95.0,-50.0,-52.0,14.0
578,Ontario,Toronto Division,Greater Toronto Area,-25.0,-8.0,62.0,-53.0,-52.0,15.0
579,Ontario,Toronto Division,Greater Toronto Area,-23.0,-4.0,92.0,-50.0,-50.0,14.0
580,Ontario,Toronto Division,Greater Toronto Area,-24.0,-5.0,82.0,-48.0,-50.0,13.0
581,Ontario,Toronto Division,Greater Toronto Area,-26.0,-11.0,100.0,-33.0,-12.0,2.0
582,Ontario,Toronto Division,Greater Toronto Area,-19.0,-9.0,138.0,-28.0,-12.0,-1.0
583,Ontario,Toronto Division,Greater Toronto Area,-53.0,-48.0,67.0,-71.0,-81.0,21.0
584,Ontario,Toronto Division,Greater Toronto Area,-25.0,1.0,33.0,-53.0,-52.0,14.0
585,Ontario,Toronto Division,Greater Toronto Area,-27.0,-7.0,43.0,-53.0,-51.0,15.0
586,Ontario,Toronto Division,Greater Toronto Area,-25.0,-3.0,60.0,-51.0,-49.0,15.0
587,Ontario,Toronto Division,Greater Toronto Area,-26.0,-7.0,68.0,-48.0,-48.0,14.0
588,Ontario,Toronto Division,Greater Toronto Area,-22.0,-6.0,125.0,-30.0,-6.0,3.0
589,Ontario,Toronto Division,Greater Toronto Area,-23.0,-10.0,85.0,-34.0,-10.0,3.0
590,Ontario,Toronto Division,Greater Toronto Area,-26.0,-7.0,57.0,-53.0,-48.0,15.0
591,Ontario,Toronto Division,Greater Toronto Area,-25.0,-6.0,63.0,-52.0,-48.0,15.0
592,Ontario,Toronto Division,Greater Toronto Area,-26.0,-10.0,74.0,-51.0,-49.0,15.0
593,Ontario,Toronto Division,Greater Toronto Area,-27.0,-5.0,60.0,-51.0,-48.0,15.0
594,Ontario,Toronto Division,Greater Toronto Area,-28.0,-9.0,46.0,-49.0,-47.0,14.0
595,Ontario,Toronto Division,Greater Toronto Area,-24.0,-7.0,92.0,-33.0,-7.0,4.0
596,Ontario,Toronto Division,Greater Toronto Area,-23.0,-9.0,99.0,-34.0,-9.0,3.0
597,Ontario,Toronto Division,Greater Toronto Area,-29.0,-9.0,55.0,-53.0,-49.0,15.0
598,Ontario,Toronto Division,Greater Toronto Area,-29.0,-7.0,59.0,-52.0,-49.0,15.0
599,Ontario,Toronto Division,Greater Toronto Area,-29.0,-9.0,68.0,-52.0,-48.0,15.0
600,Ontario,Toronto Division,Greater Toronto Area,-30.0,-6.0,37.0,-52.0,-47.0,16.0
601,Ontario,Toronto Division,Greater Toronto Area,-30.0,-7.0,61.0,-49.0,-46.0,14.0
602,Ontario,Toronto Division,Greater Toronto Area,-25.0,-6.0,115.0,-32.0,-4.0,3.0
603,Ontario,Toronto Division,Greater Toronto Area,-25.0,-8.0,108.0,-34.0,-7.0,2.0
604,Ontario,Toronto Division,Greater Toronto Area,-32.0,-8.0,50.0,-54.0,-48.0,15.0
605,Ontario,Toronto Division,Greater Toronto Area,-31.0,-6.0,33.0,-53.0,-48.0,15.0
606,Ontario,Toronto Division,Greater Toronto Area,-32.0,-9.0,0.0,-54.0,-48.0,17.0
607,Ontario,Toronto Division,Greater Toronto Area,-29.0,-1.0,32.0,-53.0,-45.0,16.0
608,Ontario,Toronto Division,Greater Toronto Area,-33.0,-8.0,14.0,-51.0,-45.0,16.0
609,Ontario,Toronto Division,Greater Toronto Area,-28.0,-7.0,66.0,-36.0,-7.0,6.0
610,Ontario,Toronto Division,Greater Toronto Area,-33.0,-12.0,-12.0,-43.0,-14.0,6.0
611,Ontario,Toronto Division,Greater Toronto Area,-32.0,-5.0,36.0,-54.0,-47.0,16.0
612,Ontario,Toronto Division,Greater Toronto Area,-33.0,-6.0,39.0,-53.0,-47.0,15.0
613,Ontario,Toronto Division,Greater Toronto Area,-34.0,-9.0,12.0,-55.0,-47.0,17.0
614,Ontario,Toronto Division,Greater Toronto Area,-33.0,-3.0,14.0,-53.0,-46.0,17.0
615,Ontario,Toronto Division,Greater Toronto Area,-31.0,1.0,40.0,-50.0,-45.0,15.0
616,Ontario,Toronto Division,Greater Toronto Area,-35.0,-4.0,68.0,-39.0,-9.0,5.0
617,Ontario,Toronto Division,Greater Toronto Area,-34.0,-5.0,48.0,-40.0,-12.0,3.0
618,Ontario,Toronto Division,Greater Toronto Area,-66.0,-54.0,52.0,-75.0,-82.0,24.0
619,Ontario,Toronto Division,Greater Toronto Area,-36.0,-2.0,51.0,-53.0,-49.0,16.0
620,Ontario,Toronto Division,Greater Toronto Area,-36.0,-8.0,36.0,-54.0,-47.0,17.0
621,Ontario,Toronto Division,Greater Toronto Area,-41.0,-13.0,-30.0,-56.0,-48.0,20.0
622,Ontario,Toronto Division,Greater Toronto Area,-36.0,-5.0,32.0,-51.0,-45.0,17.0
623,Ontario,Toronto Division,Greater Toronto Area,-31.0,-5.0,91.0,-37.0,-8.0,6.0
624,Ontario,Toronto Division,Greater Toronto Area,-35.0,-12.0,39.0,-42.0,-15.0,7.0
625,Ontario,Toronto Division,Greater Toronto Area,-40.0,-13.0,-18.0,-57.0,-49.0,18.0
626,Ontario,Toronto Division,Greater Toronto Area,-36.0,-7.0,25.0,-54.0,-48.0,17.0
627,Ontario,Toronto Division,Greater Toronto Area,-38.0,-12.0,12.0,-55.0,-48.0,19.0
628,Ontario,Toronto Division,Greater Toronto Area,-38.0,-7.0,5.0,-54.0,-46.0,19.0
629,Ontario,Toronto Division,Greater Toronto Area,-35.0,-8.0,69.0,-50.0,-45.0,16.0
630,Ontario,Toronto Division,Greater Toronto Area,-33.0,-5.0,49.0,-38.0,-9.0,7.0
631,Ontario,Toronto Division,Greater Toronto Area,-34.0,-11.0,30.0,-41.0,-15.0,6.0
632,Ontario,Toronto Division,Greater Toronto Area,-39.0,-11.0,0.0,-56.0,-48.0,17.0
633,Ontario,Toronto Division,Greater Toronto Area,-41.0,-14.0,-18.0,-56.0,-48.0,18.0
634,Ontario,Toronto Division,Greater Toronto Area,-34.0,-6.0,25.0,-54.0,-46.0,17.0
635,Ontario,Toronto Division,Greater Toronto Area,-37.0,-7.0,-8.0,-55.0,-46.0,18.0
636,Ontario,Toronto Division,Greater Toronto Area,-37.0,-6.0,-10.0,-53.0,-45.0,17.0
637,Ontario,Toronto Division,Greater Toronto Area,-31.0,-2.0,47.0,-36.0,-8.0,6.0
638,Ontario,Toronto Division,Greater Toronto Area,-38.0,-12.0,-23.0,-45.0,-17.0,7.0
639,Ontario,Toronto Division,Greater Toronto Area,-39.0,-13.0,-23.0,-57.0,-48.0,18.0
640,Ontario,Toronto Division,Greater Toronto Area,-39.0,-10.0,-8.0,-55.0,-47.0,17.0
641,Ontario,Toronto Division,Greater Toronto Area,-36.0,-11.0,34.0,-54.0,-47.0,18.0
642,Ontario,Toronto Division,Greater Toronto Area,-36.0,-8.0,25.0,-54.0,-45.0,18.0
643,Ontario,Toronto Division,Greater Toronto Area,-35.0,-8.0,46.0,-51.0,-44.0,17.0
644,Ontario,Toronto Division,Greater Toronto Area,-29.0,-6.0,112.0,-33.0,-7.0,6.0
645,Ontario,Toronto Division,Greater Toronto Area,-28.0,-8.0,115.0,-36.0,-11.0,4.0
646,Ontario,Toronto Division,Greater Toronto Area,-36.0,-10.0,45.0,-55.0,-47.0,17.0
647,Ontario,Toronto Division,Greater Toronto Area,-34.0,-7.0,63.0,-53.0,-46.0,16.0
648,Ontario,Toronto Division,Greater Toronto Area,-35.0,-9.0,25.0,-56.0,-48.0,18.0
649,Ontario,Toronto Division,Greater Toronto Area,-37.0,-6.0,11.0,-55.0,-45.0,18.0
650,Ontario,Toronto Division,Greater Toronto Area,-38.0,-8.0,-4.0,-53.0,-45.0,18.0
651,Ontario,Toronto Division,Greater Toronto Area,-33.0,-5.0,43.0,-41.0,-10.0,8.0
652,Ontario,Toronto Division,Greater Toronto Area,-44.0,-22.0,-40.0,-51.0,-19.0,9.0
653,Ontario,Toronto Division,Greater Toronto Area,-40.0,-14.0,-23.0,-59.0,-48.0,18.0
654,Ontario,Toronto Division,Greater Toronto Area,-41.0,-13.0,-22.0,-58.0,-48.0,18.0
655,Ontario,Toronto Division,Greater Toronto Area,-41.0,-15.0,-23.0,-59.0,-48.0,19.0
656,Ontario,Toronto Division,Greater Toronto Area,-37.0,-8.0,3.0,-57.0,-46.0,19.0
657,Ontario,Toronto Division,Greater Toronto Area,-34.0,-5.0,33.0,-54.0,-47.0,18.0
658,Ontario,Toronto Division,Greater Toronto Area,-30.0,-2.0,11.0,-41.0,-8.0,8.0
659,Ontario,Toronto Division,Greater Toronto Area,-42.0,-23.0,-34.0,-49.0,-17.0,9.0
660,Ontario,Toronto Division,Greater Toronto Area,-51.0,-21.0,-28.0,-62.0,-50.0,20.0
661,Ontario,Toronto Division,Greater Toronto Area,-49.0,-18.0,-25.0,-62.0,-50.0,20.0
662,Ontario,Toronto Division,Greater Toronto Area,-49.0,-21.0,-30.0,-62.0,-49.0,21.0
663,Ontario,Toronto Division,Greater Toronto Area,-44.0,-10.0,-9.0,-60.0,-48.0,20.0
664,Ontario,Toronto Division,Greater Toronto Area,-45.0,-14.0,-8.0,-59.0,-47.0,20.0
665,Ontario,Toronto Division,Greater Toronto Area,-43.0,-11.0,34.0,-49.0,-14.0,10.0
666,Ontario,Toronto Division,Greater Toronto Area,-43.0,-15.0,42.0,-50.0,-19.0,8.0
667,Ontario,Toronto Division,Greater Toronto Area,-48.0,-24.0,-49.0,-63.0,-50.0,20.0
668,Ontario,Toronto Division,Greater Toronto Area,-51.0,-20.0,-28.0,-61.0,-51.0,21.0
669,Ontario,Toronto Division,Greater Toronto Area,-46.0,-13.0,-16.0,-60.0,-49.0,20.0
670,Ontario,Toronto Division,Greater Toronto Area,-45.0,-10.0,-13.0,-59.0,-48.0,20.0
671,Ontario,Toronto Division,Greater Toronto Area,-49.0,-18.0,-30.0,-60.0,-48.0,21.0
672,Ontario,Toronto Division,Greater Toronto Area,-45.0,-10.0,4.0,-49.0,-15.0,10.0
673,Ontario,Toronto Division,Greater Toronto Area,-47.0,-16.0,9.0,-52.0,-21.0,8.0
674,Ontario,Toronto Division,Greater Toronto Area,-48.0,-17.0,-23.0,-62.0,-49.0,19.0
675,Ontario,Toronto Division,Greater Toronto Area,-47.0,-15.0,-14.0,-61.0,-49.0,19.0
676,Ontario,Toronto Division,Greater Toronto Area,-50.0,-21.0,-29.0,-62.0,-50.0,21.0
677,Ontario,Toronto Division,Greater Toronto Area,-46.0,-10.0,-13.0,-60.0,-48.0,20.0
678,Ontario,Toronto Division,Greater Toronto Area,-45.0,-11.0,4.0,-58.0,-47.0,20.0
679,Ontario,Toronto Division,Greater Toronto Area,-50.0,-18.0,-33.0,-55.0,-18.0,12.0
680,Ontario,Toronto Division,Greater Toronto Area,-46.0,-14.0,2.0,-52.0,-20.0,8.0
681,Ontario,Toronto Division,Greater Toronto Area,-47.0,-14.0,-23.0,-62.0,-50.0,19.0
682,Ontario,Toronto Division,Greater Toronto Area,-46.0,-12.0,-22.0,-61.0,-50.0,19.0
683,Ontario,Toronto Division,Greater Toronto Area,-49.0,-20.0,-42.0,-64.0,-50.0,21.0
684,Ontario,Toronto Division,Greater Toronto Area,-45.0,-8.0,-21.0,-60.0,-49.0,21.0
685,Ontario,Toronto Division,Greater Toronto Area,-45.0,-10.0,-12.0,-59.0,-48.0,20.0
686,Ontario,Toronto Division,Greater Toronto Area,-46.0,-10.0,-6.0,-51.0,-16.0,11.0
687,Ontario,Toronto Division,Greater Toronto Area,-45.0,-14.0,-5.0,-52.0,-20.0,9.0
688,Ontario,Toronto Division,Greater Toronto Area,-39.0,-1.0,-4.0,-62.0,-54.0,19.0
689,Ontario,Toronto Division,Greater Toronto Area,-37.0,7.0,-6.0,-61.0,-55.0,18.0
690,Ontario,Toronto Division,Greater Toronto Area,-32.0,19.0,1.0,-60.0,-55.0,18.0
691,Ontario,Toronto Division,Greater Toronto Area,-40.0,16.0,-30.0,-67.0,-67.0,23.0
692,Ontario,Toronto Division,Greater Toronto Area,-84.0,-74.0,-2.0,-84.0,-86.0,32.0
693,Ontario,Toronto Division,Greater Toronto Area,-68.0,-44.0,-1.0,-67.0,-43.0,15.0
694,Ontario,Toronto Division,Greater Toronto Area,-56.0,-29.0,12.0,-60.0,-27.0,10.0
695,Ontario,Toronto Division,Greater Toronto Area,-52.0,-16.0,-15.0,-75.0,-74.0,27.0
696,Ontario,Toronto Division,Greater Toronto Area,-47.0,-8.0,5.0,-68.0,-64.0,23.0
697,Ontario,Toronto Division,Greater Toronto Area,-47.0,-6.0,-33.0,-69.0,-64.0,25.0
698,Ontario,Toronto Division,Greater Toronto Area,-41.0,11.0,5.0,-68.0,-67.0,25.0
699,Ontario,Toronto Division,Greater Toronto Area,-80.0,-71.0,-4.0,-84.0,-86.0,34.0
700,Ontario,Toronto Division,Greater Toronto Area,-58.0,-23.0,14.0,-62.0,-32.0,15.0
701,Ontario,Toronto Division,Greater Toronto Area,-58.0,-27.0,-9.0,-61.0,-27.0,12.0
702,Ontario,Toronto Division,Greater Toronto Area,-53.0,-18.0,-22.0,-66.0,-55.0,22.0
703,Ontario,Toronto Division,Greater Toronto Area,-53.0,-17.0,-21.0,-66.0,-55.0,22.0
704,Ontario,Toronto Division,Greater Toronto Area,-54.0,-21.0,-23.0,-67.0,-55.0,23.0
705,Ontario,Toronto Division,Greater Toronto Area,-53.0,-15.0,-12.0,-66.0,-54.0,24.0
706,Ontario,Toronto Division,Greater Toronto Area,-55.0,-20.0,-19.0,-66.0,-53.0,24.0
707,Ontario,Toronto Division,Greater Toronto Area,-51.0,-14.0,28.0,-57.0,-20.0,13.0
708,Ontario,Toronto Division,Greater Toronto Area,-54.0,-21.0,6.0,-60.0,-25.0,11.0
709,Ontario,Toronto Division,Greater Toronto Area,-55.0,-22.0,-25.0,-68.0,-55.0,22.0
710,Ontario,Toronto Division,Greater Toronto Area,-55.0,-20.0,-27.0,-68.0,-55.0,22.0
711,Ontario,Toronto Division,Greater Toronto Area,-53.0,-18.0,-23.0,-68.0,-55.0,22.0
712,Ontario,Toronto Division,Greater Toronto Area,-61.0,-27.0,-25.0,-70.0,-57.0,25.0
713,Ontario,Toronto Division,Greater Toronto Area,-60.0,-29.0,-32.0,-70.0,-57.0,25.0
714,Ontario,Toronto Division,Greater Toronto Area,-57.0,-21.0,22.0,-63.0,-26.0,14.0
715,Ontario,Toronto Division,Greater Toronto Area,-59.0,-28.0,0.0,-64.0,-30.0,12.0
716,Ontario,Toronto Division,Greater Toronto Area,-59.0,-28.0,-22.0,-70.0,-58.0,23.0
717,Ontario,Toronto Division,Greater Toronto Area,-59.0,-27.0,-27.0,-70.0,-58.0,23.0
718,Ontario,Toronto Division,Greater Toronto Area,-59.0,-30.0,-34.0,-71.0,-58.0,25.0
719,Ontario,Toronto Division,Greater Toronto Area,-57.0,-22.0,-21.0,-70.0,-56.0,24.0
720,Ontario,Toronto Division,Greater Toronto Area,-58.0,-25.0,-33.0,-69.0,-56.0,25.0
721,Ontario,Toronto Division,Greater Toronto Area,-55.0,-19.0,-2.0,-62.0,-25.0,14.0
722,Ontario,Toronto Division,Greater Toronto Area,-58.0,-26.0,-6.0,-64.0,-29.0,11.0
723,Ontario,Toronto Division,Greater Toronto Area,-57.0,-24.0,-12.0,-70.0,-57.0,23.0
724,Ontario,Toronto Division,Greater Toronto Area,-66.0,-41.0,-37.0,-71.0,-59.0,25.0
725,Ontario,Toronto Division,Greater Toronto Area,-57.0,-24.0,-22.0,-69.0,-57.0,24.0
726,Ontario,Toronto Division,Greater Toronto Area,-58.0,-25.0,-38.0,-70.0,-56.0,25.0
727,Ontario,Toronto Division,Greater Toronto Area,-57.0,-24.0,-38.0,-69.0,-56.0,25.0
728,Ontario,Toronto Division,Greater Toronto Area,-53.0,-15.0,20.0,-61.0,-23.0,13.0
729,Ontario,Toronto Division,Greater Toronto Area,-57.0,-25.0,-17.0,-64.0,-28.0,11.0
730,Ontario,Toronto Division,Greater Toronto Area,-57.0,-25.0,-32.0,-70.0,-57.0,23.0
731,Ontario,Toronto Division,Greater Toronto Area,-57.0,-24.0,-29.0,-70.0,-57.0,23.0
732,Ontario,Toronto Division,Greater Toronto Area,-56.0,-24.0,-17.0,-70.0,-56.0,23.0
733,Ontario,Toronto Division,Greater Toronto Area,-54.0,-17.0,-2.0,-69.0,-55.0,23.0
734,Ontario,Toronto Division,Greater Toronto Area,-58.0,-27.0,-42.0,-70.0,-55.0,25.0
735,Ontario,Toronto Division,Greater Toronto Area,-55.0,-19.0,-22.0,-63.0,-23.0,14.0
736,Ontario,Toronto Division,Greater Toronto Area,-56.0,-25.0,-10.0,-63.0,-27.0,11.0
737,Ontario,Toronto Division,Greater Toronto Area,-58.0,-27.0,-34.0,-70.0,-57.0,23.0
738,Ontario,Toronto Division,Greater Toronto Area,-56.0,-23.0,-24.0,-69.0,-56.0,23.0
739,Ontario,Toronto Division,Greater Toronto Area,-56.0,-23.0,-30.0,-70.0,-56.0,24.0
740,Ontario,Toronto Division,Greater Toronto Area,-53.0,-16.0,-25.0,-69.0,-55.0,23.0
741,Ontario,Toronto Division,Greater Toronto Area,-55.0,-20.0,-36.0,-69.0,-55.0,24.0
742,Ontario,Toronto Division,Greater Toronto Area,-54.0,-14.0,-28.0,-63.0,-24.0,13.0
743,Ontario,Toronto Division,Greater Toronto Area,-45.0,-8.0,32.0,-58.0,-23.0,9.0
744,Ontario,Toronto Division,Greater Toronto Area,-71.0,-53.0,3.0,-82.0,-82.0,30.0
745,Ontario,Toronto Division,Greater Toronto Area,-60.0,-24.0,-38.0,-68.0,-57.0,23.0
746,Ontario,Toronto Division,Greater Toronto Area,-53.0,-16.0,-24.0,-66.0,-52.0,22.0
747,Ontario,Toronto Division,Greater Toronto Area,-57.0,-21.0,-35.0,-67.0,-52.0,23.0
748,Ontario,Toronto Division,Greater Toronto Area,-56.0,-22.0,-26.0,-65.0,-51.0,23.0
749,Ontario,Toronto Division,Greater Toronto Area,-51.0,-13.0,21.0,-59.0,-19.0,12.0
750,Ontario,Toronto Division,Greater Toronto Area,-51.0,-17.0,30.0,-60.0,-22.0,10.0
751,Ontario,Toronto Division,Greater Toronto Area,-58.0,-28.0,-37.0,-67.0,-54.0,22.0
752,Ontario,Toronto Division,Greater Toronto Area,-53.0,-18.0,-24.0,-66.0,-52.0,21.0
753,Ontario,Toronto Division,Greater Toronto Area,-53.0,-20.0,-20.0,-66.0,-52.0,22.0
754,Ontario,Toronto Division,Greater Toronto Area,-52.0,-15.0,-11.0,-65.0,-51.0,22.0
755,Ontario,Toronto Division,Greater Toronto Area,-50.0,-14.0,-6.0,-63.0,-49.0,21.0
