"Longitude (x)","Latitude (y)","Station Name","Climate ID","Date/Time","Year","Month","Day","Data Quality","Max Temp (°C)","Max Temp Flag","Min Temp (°C)","Min Temp Flag","Mean Temp (°C)","Mean Temp Flag","Heat Deg Days (°C)","Heat Deg Days Flag","Cool Deg Days (°C)","Cool Deg Days Flag","Total Rain (mm)","Total Rain Flag","Total Snow (cm)","Total Snow Flag","Total Precip (mm)","Total Precip Flag","Snow on Grnd (cm)","Snow on Grnd Flag","Dir of Max Gust (10s deg)","Dir of Max Gust Flag","Spd of Max Gust (km/h)","Spd of Max Gust Flag"
"-79.40","43.67","TORONTO CITY","6158355","2020-01-01","2020","01","01","","1.0","","-1.2","","-0.1","","18.1","","0.0","","","","","","0.2","","1","","","M","","M"
"-79.40","43.67","TORONTO CITY","6158355","2020-01-02","2020","01","02","","6.2","","0.9","","3.6","","14.4","","0.0","","","","","","0.0","","1","","","M","","M"
"-79.40","43.67","TORONTO CITY","6158355","2020-01-03","2020","01","03","","7.7","","3.6","","5.7","","12.3","","0.0","","","","","","0.0","","1","","","M","","M"
"-79.40","43.67","TORONTO CITY","6158355","2020-01-04","2020","01","04","","3.6","","0.3","","2.0","","16.0","","0.0","","","","","","1.5","","2","","","M","","M"
"-79.40","43.67","TORONTO CITY","6158355","2020-01-05","2020","01","05","","1.9","","-1.2","","0.3","","17.7","","0.0","","","","","","5.6","","2","","","M","","M"
"-79.40","43.67","TORONTO CITY","6158355","2020-01-06","2020","01","06","","2.9","","-1.7","","0.6","","17.4","","0.0","","","","","","0.2","","7","","","M","","M"
"-79.40","43.67","TORONTO CITY","6158355","2020-01-07","2020","01","07","","3.9","","-3.0","","0.4","","17.6","","0.0","","","","","","0.0","","4","","","M","","M"
"-79.40","43.67","TORONTO CITY","6158355","2020-01-08","2020","01","08","","0.7","","-7.9","","-3.6","","21.6","","0.0","","","","","","1.6","","5","","","M","","M"
"-79.40","43.67","TORONTO CITY","6158355","2020-01-09","2020","01","09","","3.4","","-9.8","","-3.2","","21.2","","0.0","","","","","","0.0","","3","","","M","","M"
"-79.40","43.67","TORONTO CITY","6158355","2020-01-10","2020","01","10","","7.6","","3.3","","5.4","","12.6","","0.0","","","","","","1.1","","2","","","M","","M"
"-79.40","43.67","TORONTO CITY","6158355","2020-01-11","2020","01","11","","11.8","","2.2","","7.0","","11.0","","0.0","","","","","","55.3","","1","","","M","","M"
"-79.40","43.67","TORONTO CITY","6158355","2020-01-12","2020","01","12","","2.2","","-5.2","","-1.5","","19.5","","0.0","","","","","","12.8","","2","","","M","","M"
"-79.40","43.67","TORONTO CITY","6158355","2020-01-13","2020","01","13","","2.5","","-4.5","","-1.0","","19.0","","0.0","","","","","","0.0","","2","","","M","","M"
"-79.40","43.67","TORONTO CITY","6158355","2020-01-14","2020","01","14","","","M","","M","","M","","M","","M","","","","","","M","2","","","M","","M"
"-79.40","43.67","TORONTO CITY","6158355","2020-01-15","2020","01","15","","4.7","","2.4","","3.6","","14.4","","0.0","","","","","","0.0","","2","","","M","","M"
"-79.40","43.67","TORONTO CITY","6158355","2020-01-16","2020","01","16","","2.5","","-10.4","","-3.9","","21.9","","0.0","","","","","","0.0","","4","","","M","","M"
"-79.40","43.67","TORONTO CITY","6158355","2020-01-17","2020","01","17","","-6.9","","-13.6","","-10.2","","28.2","","0.0","","","","","","0.0","","1","","","M","","M"
"-79.40","43.67","TORONTO CITY","6158355","2020-01-18","2020","01","18","","2.6","","-7.6","","-2.5","","20.5","","0.0","","","","","","16.1","","4","","","M","","M"
"-79.40","43.67","TORONTO CITY","6158355","2020-01-19","2020","01","19","","1.3","","-10.4","","-4.5","","22.5","","0.0","","","","","","0.3","","14","","","M","","M"
"-79.40","43.67","TORONTO CITY","6158355","2020-01-20","2020","01","20","","-4.5","","-13.2","","-8.9","","26.9","","0.0","","","","","","0.6","","14","","","M","","M"
"-79.40","43.67","TORONTO CITY","6158355","2020-01-21","2020","01","21","","-1.7","","-7.7","","-4.7","","22.7","","0.0","","","","","","0.0","","14","","","M","","M"
"-79.40","43.67","TORONTO CITY","6158355","2020-01-22","2020","01","22","","1.4","","-5.3","","-2.0","","20.0","","0.0","","","","","","0.0","","13","","","M","","M"
"-79.40","43.67","TORONTO CITY","6158355","2020-01-23","2020","01","23","","3.5","","-2.5","","0.5","","17.5","","0.0","","","","","","0.5","","13","","","M","","M"
"-79.40","43.67","TORONTO CITY","6158355","2020-01-24","2020","01","24","","3.6","","1.2","","2.4","","15.6","","0.0","","","","","","20.9","","12","","","M","","M"
"-79.40","43.67","TORONTO CITY","6158355","2020-01-25","2020","01","25","","3.9","","2.1","","3.0","","15.0","","0.0","","","","","","7.9","","5","","","M","","M"
"-79.40","43.67","TORONTO CITY","6158355","2020-01-26","2020","01","26","","4.0","","1.4","","2.7","","15.3","","0.0","","","","","","1.3","","2","","","M","","M"
"-79.40","43.67","TORONTO CITY","6158355","2020-01-27","2020","01","27","","2.2","","0.8","","1.5","","16.5","","0.0","","","","","","0.0","","1","","","M","","M"
"-79.40","43.67","TORONTO CITY","6158355","2020-01-28","2020","01","28","","2.5","","-1.2","","0.7","","17.3","","0.0","","","","","","0.4","","1","","","M","","M"
"-79.40","43.67","TORONTO CITY","6158355","2020-01-29","2020","01","29","","-1.0","","-6.6","","-3.8","","21.8","","0.0","","","","","","0.0","","1","","","M","","M"
"-79.40","43.67","TORONTO CITY","6158355","2020-01-30","2020","01","30","","-1.3","","-5.3","","-3.3","","21.3","","0.0","","","","","","0.0","","1","","","M","","M"
"-79.40","43.67","TORONTO CITY","6158355","2020-01-31","2020","01","31","","0.3","","-2.7","","-1.2","","19.2","","0.0","","","","","","0.0","","1","","","M","","M"
"-79.40","43.67","TORONTO CITY","6158355","2020-02-01","2020","02","01","","1.3","","-2.0","","-0.4","","18.4","","0.0","","","","","","2.1","","1","","","M","","M"
"-79.40","43.67","TORONTO CITY","6158355","2020-02-02","2020","02","02","","2.5","","-0.1","","1.2","","16.8","","0.0","","","","","","6.1","","4","","","M","","M"
"-79.40","43.67","TORONTO CITY","6158355","2020-02-03","2020","02","03","","6.4","","2.2","","4.3","","13.7","","0.0","","","","","","0.5","","4","","","M","","M"
"-79.40","43.67","TORONTO CITY","6158355","2020-02-04","2020","02","04","","3.2","","-3.7","","-0.2","","18.2","","0.0","","","","","","0.0","","1","","","M","","M"
"-79.40","43.67","TORONTO CITY","6158355","2020-02-05","2020","02","05","","-2.3","","-7.0","","-4.6","","22.6","","0.0","","","","","","1.1","","1","","","M","","M"
"-79.40","43.67","TORONTO CITY","6158355","2020-02-06","2020","02","06","","-2.3","","-4.6","","-3.4","","21.4","","0.0","","","","","","7.7","","4","","","M","","M"
"-79.40","43.67","TORONTO CITY","6158355","2020-02-07","2020","02","07","","-3.4","","-7.6","","-5.5","","23.5","","0.0","","","","","","1.4","","8","","","M","","M"
"-79.40","43.67","TORONTO CITY","6158355","2020-02-08","2020","02","08","","-6.1","","-13.4","","-9.8","","27.8","","0.0","","","","","","1.1","","8","","","M","","M"
"-79.40","43.67","TORONTO CITY","6158355","2020-02-09","2020","02","09","","2.1","","-7.9","","-2.9","","20.9","","0.0","","","","","","5.8","","7","","","M","","M"
"-79.40","43.67","TORONTO CITY","6158355","2020-02-10","2020","02","10","","4.2","","1.0","","2.6","","15.4","","0.0","","","","","","1.2","","8","","","M","","M"
"-79.40","43.67","TORONTO CITY","6158355","2020-02-11","2020","02","11","","3.8","","-0.9","","1.5","","16.5","","0.0","","","","","","0.0","","6","","","M","","M"
"-79.40","43.67","TORONTO CITY","6158355","2020-02-12","2020","02","12","","2.0","","-2.4","","-0.2","","18.2","","0.0","","","","","","0.9","","4","","","M","","M"
"-79.40","43.67","TORONTO CITY","6158355","2020-02-13","2020","02","13","","0.8","","-15.4","","-7.3","","25.3","","0.0","","","","","","2.4","","6","","","M","","M"
"-79.40","43.67","TORONTO CITY","6158355","2020-02-14","2020","02","14","","-7.8","","-19.1","","-13.4","","31.4","","0.0","","","","","","0.6","","5","","","M","","M"
"-79.40","43.67","TORONTO CITY","6158355","2020-02-15","2020","02","15","","1.1","","-8.7","","-3.8","","21.8","","0.0","","","","","","0.4","","5","","","M","","M"
"-79.40","43.67","TORONTO CITY","6158355","2020-02-16","2020","02","16","","4.3","","-1.5","","1.4","","16.6","","0.0","","","","","","0.4","","5","","","M","","M"
"-79.40","43.67","TORONTO CITY","6158355","2020-02-17","2020","02","17","","0.1","","-4.2","","-2.0","","20.0","","0.0","","","","","","1.0","","3","","","M","","M"
"-79.40","43.67","TORONTO CITY","6158355","2020-02-18","2020","02","18","","6.1","","-0.6","","2.8","","15.2","","0.0","","","","","","8.6","","9","","","M","","M"
"-79.40","43.67","TORONTO CITY","6158355","2020-02-19","2020","02","19","","0.3","","-5.7","","-2.7","","20.7","","0.0","","","","","","0.0","","4","","","M","","M"
"-79.40","43.67","TORONTO CITY","6158355","2020-02-20","2020","02","20","","-4.0","","-9.1","","-6.5","","24.5","","0.0","","","","","","1.0","","3","","","M","","M"
"-79.40","43.67","TORONTO CITY","6158355","2020-02-21","2020","02","21","","1.0","","-9.1","","-4.1","","22.1","","0.0","","","","","","0.2","","4","","","M","","M"
"-79.40","43.67","TORONTO CITY","6158355","2020-02-22","2020","02","22","","5.5","","-3.2","","1.1","","16.9","","0.0","","","","","","0.2","","4","","","M","","M"
"-79.40","43.67","TORONTO CITY","6158355","2020-02-23","2020","02","23","","7.5","","1.7","","4.6","","13.4","","0.0","","","","","","0.8","","1","","","M","","M"
"-79.40","43.67","TORONTO CITY","6158355","2020-02-24","2020","02","24","","9.4","","2.2","","5.8","","12.2","","0.0","","","","","","1.1","","1","","","M","","M"
"-79.40","43.67","TORONTO CITY","6158355","2020-02-25","2020","02","25","","5.6","","1.7","","3.7","","14.3","","0.0","","","","","","0.2","","1","","","M","","M"
"-79.40","43.67","TORONTO CITY","6158355","2020-02-26","2020","02","26","","4.1","","-3.2","","0.4","","17.6","","0.0","","","","","","11.8","","1","","","M","","M"
"-79.40","43.67","TORONTO CITY","6158355","2020-02-27","2020","02","27","","-2.7","","-5.3","","-4.0","","22.0","","0.0","","","","","","3.1","","13","","","M","","M"
"-79.40","43.67","TORONTO CITY","6158355","2020-02-28","2020","02","28","","-2.5","","-9.4","","-5.9","","23.9","","0.0","","","","","","1.1","","8","","","M","","M"
"-79.40","43.67","TORONTO CITY","6158355","2020-02-29","2020","02","29","","-3.2","","-12.8","","-8.0","","26.0","","0.0","","","","","","1.2","","7","","","M","","M"
"-79.40","43.67","TORONTO CITY","6158355","2020-03-01","2020","03","01","","4.5","","-7.7","","-1.6","","19.6","","0.0","","","","","","0.7","","6","","","M","","M"
"-79.40","43.67","TORONTO CITY","6158355","2020-03-02","2020","03","02","","7.1","","2.4","","4.7","","13.3","","0.0","","","","","","2.1","","3","","","M","","M"
"-79.40","43.67","TORONTO CITY","6158355","2020-03-03","2020","03","03","","4.8","","2.7","","3.8","","14.2","","0.0","","","","","","9.9","","1","","","M","","M"
"-79.40","43.67","TORONTO CITY","6158355","2020-03-04","2020","03","04","","7.7","","1.9","","4.8","","13.2","","0.0","","","","","","0.4","","1","","","M","","M"
"-79.40","43.67","TORONTO CITY","6158355","2020-03-05","2020","03","05","","5.2","","-0.9","","2.2","","15.8","","0.0","","","","","","1.1","","1","","","M","","M"
"-79.40","43.67","TORONTO CITY","6158355","2020-03-06","2020","03","06","","3.7","","-0.8","","1.4","","16.6","","0.0","","","","","","1.2","","1","","","M","","M"
"-79.40","43.67","TORONTO CITY","6158355","2020-03-07","2020","03","07","","3.6","","-5.4","","-0.9","","18.9","","0.0","","","","","","1.1","","2","","","M","","M"
"-79.40","43.67","TORONTO CITY","6158355","2020-03-08","2020","03","08","","10.6","","1.2","","5.9","","12.1","","0.0","","","","","","0.5","","2","","","M","","M"
"-79.40","43.67","TORONTO CITY","6158355","2020-03-09","2020","03","09","","17.2","","7.5","","12.4","","5.6","","0.0","","","","","","0.2","","1","","","M","","M"
"-79.40","43.67","TORONTO CITY","6158355","2020-03-10","2020","03","10","","11.5","","-0.4","","5.6","","12.4","","0.0","","","","","","3.4","","1","","","M","","M"
"-79.40","43.67","TORONTO CITY","6158355","2020-03-11","2020","03","11","","3.8","","-0.9","","1.5","","16.5","","0.0","","","","","","0.2","","2","","","M","","M"
"-79.40","43.67","TORONTO CITY","6158355","2020-03-12","2020","03","12","","6.3","","0.6","","3.4","","14.6","","0.0","","","","","","0.0","","1","","","M","","M"
"-79.40","43.67","TORONTO CITY","6158355","2020-03-13","2020","03","13","","8.9","","2.6","","5.8","","12.2","","0.0","","","","","","6.2","","2","","","M","","M"
"-79.40","43.67","TORONTO CITY","6158355","2020-03-14","2020","03","14","","4.7","","-0.1","","2.3","","15.7","","0.0","","","","","","0.0","","1","","","M","","M"
"-79.40","43.67","TORONTO CITY","6158355","2020-03-15","2020","03","15","","4.2","","-2.4","","0.9","","17.1","","0.0","","","","","","0.8","","1","","","M","","M"
"-79.40","43.67","TORONTO CITY","6158355","2020-03-16","2020","03","16","","3.5","","-1.7","","0.9","","17.1","","0.0","","","","","","1.5","","2","","","M","","M"
"-79.40","43.67","TORONTO CITY","6158355","2020-03-17","2020","03","17","","9.0","","0.7","","4.9","","13.1","","0.0","","","","","","0.4","","2","","","M","","M"
"-79.40","43.67","TORONTO CITY","6158355","2020-03-18","2020","03","18","","4.5","","-0.7","","1.9","","16.1","","0.0","","","","","","2.1","","","","","M","","M"
"-79.40","43.67","TORONTO CITY","6158355","2020-03-19","2020","03","19","","6.7","","2.9","","4.8","","13.2","","0.0","","","","","","2.3","","1","","","M","","M"
"-79.40","43.67","TORONTO CITY","6158355","2020-03-20","2020","03","20","","15.5","","-3.6","","5.9","","12.1","","0.0","","","","","","4.6","","1","","","M","","M"
"-79.40","43.67","TORONTO CITY","6158355","2020-03-21","2020","03","21","","1.8","","-7.7","","-2.9","","20.9","","0.0","","","","","","0.9","","1","","","M","","M"
"-79.40","43.67","TORONTO CITY","6158355","2020-03-22","2020","03","22","","2.2","","-4.7","","-1.2","","19.2","","0.0","","","","","","0.0","","1","","","M","","M"
"-79.40","43.67","TORONTO CITY","6158355","2020-03-23","2020","03","23","","3.9","","0.4","","2.2","","15.8","","0.0","","","","","","12.1","","3","","","M","","M"
"-79.40","43.67","TORONTO CITY","6158355","2020-03-24","2020","03","24","","5.2","","1.3","","3.3","","14.7","","0.0","","","","","","0.2","","2","","","M","","M"
"-79.40","43.67","TORONTO CITY","6158355","2020-03-25","2020","03","25","","8.7","","2.6","","5.7","","12.3","","0.0","","","","","","1.0","","2","","","M","","M"
"-79.40","43.67","TORONTO CITY","6158355","2020-03-26","2020","03","26","","14.2","","3.7","","8.9","","9.1","","0.0","","","","","","0.9","","2","","","M","","M"
"-79.40","43.67","TORONTO CITY","6158355","2020-03-27","2020","03","27","","9.3","","2.6","","5.9","","12.1","","0.0","","","","","","0.9","","1","","","M","","M"
"-79.40","43.67","TORONTO CITY","6158355","2020-03-28","2020","03","28","","7.2","","3.8","","5.5","","12.5","","0.0","","","","","","1.1","","0","","","M","","M"
"-79.40","43.67","TORONTO CITY","6158355","2020-03-29","2020","03","29","","18.4","","4.9","","11.7","","6.3","","0.0","","","","","","11.3","","1","","","M","","M"
"-79.40","43.67","TORONTO CITY","6158355","2020-03-30","2020","03","30","","9.7","","5.6","","7.6","","10.4","","0.0","","","","","","2.5","","1","","","M","","M"
"-79.40","43.67","TORONTO CITY","6158355","2020-03-31","2020","03","31","","6.3","","4.4","","5.4","","12.6","","0.0","","","","","","0.3","","1","","","M","","M"
"-79.40","43.67","TORONTO CITY","6158355","2020-04-01","2020","04","01","","9.4","","2.7","","6.1","","11.9","","0.0","","","","","","0.6","","","","","M","","M"
"-79.40","43.67","TORONTO CITY","6158355","2020-04-02","2020","04","02","","14.1","","3.5","","8.8","","9.2","","0.0","","","","","","1.1","","","","","M","","M"
"-79.40","43.67","TORONTO CITY","6158355","2020-04-03","2020","04","03","","12.1","","2.9","","7.5","","10.5","","0.0","","","","","","1.4","","","","","M","","M"
"-79.40","43.67","TORONTO CITY","6158355","2020-04-04","2020","04","04","","10.9","","7.1","","9.0","","9.0","","0.0","","","","","","0.0","","","","","M","","M"
"-79.40","43.67","TORONTO CITY","6158355","2020-04-05","2020","04","05","","11.2","","3.6","","7.4","","10.6","","0.0","","","","","","0.0","","","","","M","","M"
"-79.40","43.67","TORONTO CITY","6158355","2020-04-06","2020","04","06","","12.8","","1.6","","7.2","","10.8","","0.0","","","","","","1.5","","","","","M","","M"
"-79.40","43.67","TORONTO CITY","6158355","2020-04-07","2020","04","07","","13.6","","5.4","","9.5","","8.5","","0.0","","","","","","6.0","","","","","M","","M"
"-79.40","43.67","TORONTO CITY","6158355","2020-04-08","2020","04","08","","14.7","","6.2","","10.4","","7.6","","0.0","","","","","","0.5","","","","","M","","M"
"-79.40","43.67","TORONTO CITY","6158355","2020-04-09","2020","04","09","","10.1","","2.1","","6.1","","11.9","","0.0","","","","","","8.8","","","","","M","","M"
"-79.40","43.67","TORONTO CITY","6158355","2020-04-10","2020","04","10","","8.1","","1.0","","4.5","","13.5","","0.0","","","","","","0.2","","","","","M","","M"
"-79.40","43.67","TORONTO CITY","6158355","2020-04-11","2020","04","11","","9.7","","0.0","","4.8","","13.2","","0.0","","","","","","1.0","","","","","M","","M"
"-79.40","43.67","TORONTO CITY","6158355","2020-04-12","2020","04","12","","13.0","","5.0","","9.0","","9.0","","0.0","","","","","","0.2","","","","","M","","M"
"-79.40","43.67","TORONTO CITY","6158355","2020-04-13","2020","04","13","","14.6","","3.5","","9.1","","8.9","","0.0","","","","","","14.8","","","","","M","","M"
"-79.40","43.67","TORONTO CITY","6158355","2020-04-14","2020","04","14","","7.8","","0.2","","4.0","","14.0","","0.0","","","","","","0.8","","","","","M","","M"
"-79.40","43.67","TORONTO CITY","6158355","2020-04-15","2020","04","15","","5.3","","-1.4","","2.0","","16.0","","0.0","","","","","","1.1","","","","","M","","M"
"-79.40","43.67","TORONTO CITY","6158355","2020-04-16","2020","04","16","","5.2","","-2.1","","1.6","","16.4","","0.0","","","","","","0.7","","","","","M","","M"
"-79.40","43.67","TORONTO CITY","6158355","2020-04-17","2020","04","17","","5.9","","-0.9","","2.5","","15.5","","0.0","","","","","","0.9","","","","","M","","M"
"-79.40","43.67","TORONTO CITY","6158355","2020-04-18","2020","04","18","","10.9","","-0.9","","5.0","","13.0","","0.0","","","","","","1.4","","","","","M","","M"
"-79.40","43.67","TORONTO CITY","6158355","2020-04-19","2020","04","19","","13.5","","0.2","","6.8","","11.2","","0.0","","","","","","0.0","","","","","M","","M"
"-79.40","43.67","TORONTO CITY","6158355","2020-04-20","2020","04","20","","6.4","","-0.6","","2.9","","15.1","","0.0","","","","","","0.8","","","","","M","","M"
"-79.40","43.67","TORONTO CITY","6158355","2020-04-21","2020","04","21","","7.8","","-0.9","","3.4","","14.6","","0.0","","","","","","0.8","","","","","M","","M"
"-79.40","43.67","TORONTO CITY","6158355","2020-04-22","2020","04","22","","6.6","","-1.9","","2.4","","15.6","","0.0","","","","","","1.3","","","","","M","","M"
"-79.40","43.67","TORONTO CITY","6158355","2020-04-23","2020","04","23","","5.6","","-0.1","","2.8","","15.2","","0.0","","","","","","0.7","","","","","M","","M"
"-79.40","43.67","TORONTO CITY","6158355","2020-04-24","2020","04","24","","10.9","","5.6","","8.3","","9.7","","0.0","","","","","","0.6","","","","","M","","M"
"-79.40","43.67","TORONTO CITY","6158355","2020-04-25","2020","04","25","","12.9","","2.8","","7.8","","10.2","","0.0","","","","","","1.0","","","","","M","","M"
"-79.40","43.67","TORONTO CITY","6158355","2020-04-26","2020","04","26","","11.7","","6.7","","9.2","","8.8","","0.0","","","","","","0.2","","","","","M","","M"
"-79.40","43.67","TORONTO CITY","6158355","2020-04-27","2020","04","27","","13.5","","5.3","","9.4","","8.6","","0.0","","","","","","0.6","","","","","M","","M"
"-79.40","43.67","TORONTO CITY","6158355","2020-04-28","2020","04","28","","11.3","","6.8","","9.1","","8.9","","0.0","","","","","","0.7","","","","","M","","M"
"-79.40","43.67","TORONTO CITY","6158355","2020-04-29","2020","04","29","","13.7","","7.5","","10.6","","7.4","","0.0","","","","","","0.6","","","","","M","","M"
"-79.40","43.67","TORONTO CITY","6158355","2020-04-30","2020","04","30","","13.1","","8.7","","10.9","","7.1","","0.0","","","","","","8.2","","","","","M","","M"
"-79.40","43.67","TORONTO CITY","6158355","2020-05-01","2020","05","01","","16.1","","8.5","","12.3","","5.7","","0.0","","","","","","1.2","","","","","M","","M"
"-79.40","43.67","TORONTO CITY","6158355","2020-05-02","2020","05","02","","14.9","","7.3","","11.1","","6.9","","0.0","","","","","","2.0","","","","","M","","M"
"-79.40","43.67","TORONTO CITY","6158355","2020-05-03","2020","05","03","","21.9","","9.0","","15.4","","2.6","","0.0","","","","","","1.4","","","","","M","","M"
"-79.40","43.67","TORONTO CITY","6158355","2020-05-04","2020","05","04","","11.1","","3.5","","7.3","","10.7","","0.0","","","","","","0.8","","","","","M","","M"
"-79.40","43.67","TORONTO CITY","6158355","2020-05-05","2020","05","05","","8.9","","1.9","","5.4","","12.6","","0.0","","","","","","1.3","","","","","M","","M"
"-79.40","43.67","TORONTO CITY","6158355","2020-05-06","2020","05","06","","12.2","","4.9","","8.6","","9.4","","0.0","","","","","","1.3","","","","","M","","M"
"-79.40","43.67","TORONTO CITY","6158355","2020-05-07","2020","05","07","","13.9","","3.2","","8.5","","9.5","","0.0","","","","","","1.3","","","","","M","","M"
"-79.40","43.67","TORONTO CITY","6158355","2020-05-08","2020","05","08","","5.7","","-1.5","","2.1","","15.9","","0.0","","","","","","0.6","","","","","M","","M"
"-79.40","43.67","TORONTO CITY","6158355","2020-05-09","2020","05","09","","6.5","","-2.1","","2.2","","15.8","","0.0","","","","","","1.0","","","","","M","","M"
"-79.40","43.67","TORONTO CITY","6158355","2020-05-10","2020","05","10","","10.2","","1.5","","5.8","","12.2","","0.0","","","","","","0.2","","","","","M","","M"
"-79.40","43.67","TORONTO CITY","6158355","2020-05-11","2020","05","11","","8.3","","0.9","","4.6","","13.4","","0.0","","","","","","4.0","","","","","M","","M"
"-79.40","43.67","TORONTO CITY","6158355","2020-05-12","2020","05","12","","8.8","","-0.4","","4.2","","13.8","","0.0","","","","","","1.1","","","","","M","","M"
"-79.40","43.67","TORONTO CITY","6158355","2020-05-13","2020","05","13","","12.5","","0.0","","6.2","","11.8","","0.0","","","","","","1.5","","","","","M","","M"
"-79.40","43.67","TORONTO CITY","6158355","2020-05-14","2020","05","14","","10.7","","7.0","","8.9","","9.1","","0.0","","","","","","1.7","","","","","M","","M"
"-79.40","43.67","TORONTO CITY","6158355","2020-05-15","2020","05","15","","18.8","","8.7","","13.7","","4.3","","0.0","","","","","","4.8","","","","","M","","M"
"-79.40","43.67","TORONTO CITY","6158355","2020-05-16","2020","05","16","","16.7","","9.6","","13.2","","4.8","","0.0","","","","","","1.2","","","","","M","","M"
"-79.40","43.67","TORONTO CITY","6158355","2020-05-17","2020","05","17","","15.3","","9.8","","12.5","","5.5","","0.0","","","","","","1.4","","","","","M","","M"
"-79.40","43.67","TORONTO CITY","6158355","2020-05-18","2020","05","18","","15.6","","11.4","","13.5","","4.5","","0.0","","","","","","8.0","","","","","M","","M"
"-79.40","43.67","TORONTO CITY","6158355","2020-05-19","2020","05","19","","17.7","","12.3","","15.0","","3.0","","0.0","","","","","","0.0","","","","","M","","M"
"-79.40","43.67","TORONTO CITY","6158355","2020-05-20","2020","05","20","","18.3","","11.5","","14.9","","3.1","","0.0","","","","","","0.2","","","","","M","","M"
"-79.40","43.67","TORONTO CITY","6158355","2020-05-21","2020","05","21","","20.4","","10.3","","15.4","","2.6","","0.0","","","","","","0.7","","","","","M","","M"
"-79.40","43.67","TORONTO CITY","6158355","2020-05-22","2020","05","22","","23.5","","10.7","","17.1","","0.9","","0.0","","","","","","0.7","","","","","M","","M"
"-79.40","43.67","TORONTO CITY","6158355","2020-05-23","2020","05","23","","24.4","","14.1","","19.2","","0.0","","1.2","","","","","","1.2","","","","","M","","M"
"-79.40","43.67","TORONTO CITY","6158355","2020-05-24","2020","05","24","","24.7","","15.9","","20.3","","0.0","","2.3","","","","","","0.4","","","","","M","","M"
"-79.40","43.67","TORONTO CITY","6158355","2020-05-25","2020","05","25","","29.7","","18.4","","24.1","","0.0","","6.1","","","","","","1.4","","","","","M","","M"
"-79.40","43.67","TORONTO CITY","6158355","2020-05-26","2020","05","26","","31.5","","17.9","","24.7","","0.0","","6.7","","","","","","1.6","","","","","M","","M"
"-79.40","43.67","TORONTO CITY","6158355","2020-05-27","2020","05","27","","28.5","","19.7","","24.1","","0.0","","6.1","","","","","","0.2","","","","","M","","M"
"-79.40","43.67","TORONTO CITY","6158355","2020-05-28","2020","05","28","","23.7","","17.8","","20.8","","0.0","","2.8","","","","","","7.2","","","","","M","","M"
"-79.40","43.67","TORONTO CITY","6158355","2020-05-29","2020","05","29","","23.8","","13.4","","18.6","","0.0","","0.6","","","","","","3.4","","","","","M","","M"
"-79.40","43.67","TORONTO CITY","6158355","2020-05-30","2020","05","30","","19.3","","9.4","","14.4","","3.6","","0.0","","","","","","0.9","","","","","M","","M"
"-79.40","43.67","TORONTO CITY","6158355","2020-05-31","2020","05","31","","16.6","","7.8","","12.2","","5.8","","0.0","","","","","","0.9","","","","","M","","M"
"-79.40","43.67","TORONTO CITY","6158355","2020-06-01","2020","06","01","","23.8","","9.7","","16.8","","1.2","","0.0","","","","","","1.5","","","","","M","","M"
"-79.40","43.67","TORONTO CITY","6158355","2020-06-02","2020","06","02","","23.2","","14.1","","18.6","","0.0","","0.6","","","","","","6.0","","","","","M","","M"
"-79.40","43.67","TORONTO CITY","6158355","2020-06-03","2020","06","03","","28.1","","14.0","","21.0","","0.0","","3.0","","","","","","2.5","","","","","M","","M"
"-79.40","43.67","TORONTO CITY","6158355","2020-06-04","2020","06","04","","28.8","","16.0","","22.4","","0.0","","4.4","","","","","","0.0","","","","","M","","M"
"-79.40","43.67","TORONTO CITY","6158355","2020-06-05","2020","06","05","","25.8","","17.3","","21.6","","0.0","","3.6","","","","","","4.9","","","","","M","","M"
"-79.40","43.67","TORONTO CITY","6158355","2020-06-06","2020","06","06","","25.3","","15.2","","20.2","","0.0","","2.2","","","","","","0.4","","","","","M","","M"
"-79.40","43.67","TORONTO CITY","6158355","2020-06-07","2020","06","07","","21.6","","12.7","","17.2","","0.8","","0.0","","","","","","0.0","","","","","M","","M"
"-79.40","43.67","TORONTO CITY","6158355","2020-06-08","2020","06","08","","22.8","","12.2","","17.5","","0.5","","0.0","","","","","","0.6","","","","","M","","M"
"-79.40","43.67","TORONTO CITY","6158355","2020-06-09","2020","06","09","","30.5","","16.1","","23.3","","0.0","","5.3","","","","","","0.0","","","","","M","","M"
"-79.40","43.67","TORONTO CITY","6158355","2020-06-10","2020","06","10","","30.4","","16.9","","23.7","","0.0","","5.7","","","","","","15.7","","","","","M","","M"
"-79.40","43.67","TORONTO CITY","6158355","2020-06-11","2020","06","11","","24.5","","16.6","","20.6","","0.0","","2.6","","","","","","0.0","","","","","M","","M"
"-79.40","43.67","TORONTO CITY","6158355","2020-06-12","2020","06","12","","19.3","","10.7","","15.0","","3.0","","0.0","","","","","","0.7","","","","","M","","M"
"-79.40","43.67","TORONTO CITY","6158355","2020-06-13","2020","06","13","","18.1","","9.8","","13.9","","4.1","","0.0","","","","","","1.0","","","","","M","","M"
"-79.40","43.67","TORONTO CITY","6158355","2020-06-14","2020","06","14","","18.1","","10.3","","14.2","","3.8","","0.0","","","","","","0.8","","","","","M","","M"
"-79.40","43.67","TORONTO CITY","6158355","2020-06-15","2020","06","15","","20.7","","12.0","","16.4","","1.6","","0.0","","","","","","1.1","","","","","M","","M"
"-79.40","43.67","TORONTO CITY","6158355","2020-06-16","2020","06","16","","24.1","","12.3","","18.2","","0.0","","0.2","","","","","","1.2","","","","","M","","M"
"-79.40","43.67","TORONTO CITY","6158355","2020-06-17","2020","06","17","","27.3","","14.5","","20.9","","0.0","","2.9","","","","","","0.7","","","","","M","","M"
"-79.40","43.67","TORONTO CITY","6158355","2020-06-18","2020","06","18","","29.1","","16.8","","23.0","","0.0","","5.0","","","","","","0.9","","","","","M","","M"
"-79.40","43.67","TORONTO CITY","6158355","2020-06-19","2020","06","19","","29.0","","18.9","","23.9","","0.0","","5.9","","","","","","1.0","","","","","M","","M"
"-79.40","43.67","TORONTO CITY","6158355","2020-06-20","2020","06","20","","31.3","","19.5","","25.4","","0.0","","7.4","","","","","","0.8","","","","","M","","M"
"-79.40","43.67","TORONTO CITY","6158355","2020-06-21","2020","06","21","","30.1","","20.1","","25.1","","0.0","","7.1","","","","","","0.4","","","","","M","","M"
"-79.40","43.67","TORONTO CITY","6158355","2020-06-22","2020","06","22","","30.9","","20.9","","25.9","","0.0","","7.9","","","","","","0.5","","","","","M","","M"
"-79.40","43.67","TORONTO CITY","6158355","2020-06-23","2020","06","23","","24.8","","18.9","","21.8","","0.0","","3.8","","","","","","4.9","","","","","M","","M"
"-79.40","43.67","TORONTO CITY","6158355","2020-06-24","2020","06","24","","23.4","","17.0","","20.2","","0.0","","2.2","","","","","","0.7","","","","","M","","M"
"-79.40","43.67","TORONTO CITY","6158355","2020-06-25","2020","06","25","","25.9","","13.5","","19.7","","0.0","","1.7","","","","","","1.1","","","","","M","","M"
"-79.40","43.67","TORONTO CITY","6158355","2020-06-26","2020","06","26","","30.7","","16.5","","23.6","","0.0","","5.6","","","","","","1.1","","","","","M","","M"
"-79.40","43.67","TORONTO CITY","6158355","2020-06-27","2020","06","27","","30.3","","18.2","","24.2","","0.0","","6.2","","","","","","0.2","","","","","M","","M"
"-79.40","43.67","TORONTO CITY","6158355","2020-06-28","2020","06","28","","29.7","","18.3","","24.0","","0.0","","6.0","","","","","","0.8","","","","","M","","M"
"-79.40","43.67","TORONTO CITY","6158355","2020-06-29","2020","06","29","","30.1","","19.7","","24.9","","0.0","","6.9","","","","","","0.9","","","","","M","","M"
"-79.40","43.67","TORONTO CITY","6158355","2020-06-30","2020","06","30","","27.3","","20.3","","23.8","","0.0","","5.8","","","","","","0.8","","","","","M","","M"
"-79.40","43.67","TORONTO CITY","6158355","2020-07-01","2020","07","01","","28.8","","19.3","","24.0","","0.0","","6.0","","","","","","0.8","","","","","M","","M"
"-79.40","43.67","TORONTO CITY","6158355","2020-07-02","2020","07","02","","35.5","","23.2","","29.4","","0.0","","11.4","","","","","","0.5","","","","","M","","M"
"-79.40","43.67","TORONTO CITY","6158355","2020-07-03","2020","07","03","","33.3","","22.2","","27.8","","0.0","","9.8","","","","","","0.5","","","","","M","","M"
"-79.40","43.67","TORONTO CITY","6158355","2020-07-04","2020","07","04","","30.8","","21.4","","26.1","","0.0","","8.1","","","","","","1.0","","","","","M","","M"
"-79.40","43.67","TORONTO CITY","6158355","2020-07-05","2020","07","05","","33.4","","19.1","","26.3","","0.0","","8.3","","","","","","0.5","","","","","M","","M"
"-79.40","43.67","TORONTO CITY","6158355","2020-07-06","2020","07","06","","30.1","","23.1","","26.6","","0.0","","8.6","","","","","","0.5","","","","","M","","M"
"-79.40","43.67","TORONTO CITY","6158355","2020-07-07","2020","07","07","","34.0","","22.0","","28.0","","0.0","","10.0","","","","","","0.8","","","","","M","","M"
"-79.40","43.67","TORONTO CITY","6158355","2020-07-08","2020","07","08","","33.0","","21.6","","27.3","","0.0","","9.3","","","","","","14.8","","","","","M","","M"
"-79.40","43.67","TORONTO CITY","6158355","2020-07-09","2020","07","09","","34.2","","23.8","","29.0","","0.0","","11.0","","","","","","0.2","","","","","M","","M"
"-79.40","43.67","TORONTO CITY","6158355","2020-07-10","2020","07","10","","31.5","","22.8","","27.1","","0.0","","9.1","","","","","","0.4","","","","","M","","M"
"-79.40","43.67","TORONTO CITY","6158355","2020-07-11","2020","07","11","","29.7","","21.0","","25.4","","0.0","","7.4","","","","","","4.8","","","","","M","","M"
"-79.40","43.67","TORONTO CITY","6158355","2020-07-12","2020","07","12","","27.9","","19.1","","23.5","","0.0","","5.5","","","","","","0.9","","","","","M","","M"
"-79.40","43.67","TORONTO CITY","6158355","2020-07-13","2020","07","13","","26.7","","18.7","","22.7","","0.0","","4.7","","","","","","0.8","","","","","M","","M"
"-79.40","43.67","TORONTO CITY","6158355","2020-07-14","2020","07","14","","27.4","","18.3","","22.9","","0.0","","4.9","","","","","","1.1","","","","","M","","M"
"-79.40","43.67","TORONTO CITY","6158355","2020-07-15","2020","07","15","","28.8","","19.5","","24.2","","0.0","","6.2","","","","","","0.9","","","","","M","","M"
"-79.40","43.67","TORONTO CITY","6158355","2020-07-16","2020","07","16","","25.3","","22.5","","23.9","","0.0","","5.9","","","","","","4.7","","","","","M","","M"
"-79.40","43.67","TORONTO CITY","6158355","2020-07-17","2020","07","17","","30.6","","21.1","","25.9","","0.0","","7.9","","","","","","0.3","","","","","M","","M"
"-79.40","43.67","TORONTO CITY","6158355","2020-07-18","2020","07","18","","32.3","","21.0","","26.7","","0.0","","8.7","","","","","","1.0","","","","","M","","M"
"-79.40","43.67","TORONTO CITY","6158355","2020-07-19","2020","07","19","","29.5","","21.7","","25.6","","0.0","","7.6","","","","","","11.8","","","","","M","","M"
"-79.40","43.67","TORONTO CITY","6158355","2020-07-20","2020","07","20","","30.8","","19.2","","25.0","","0.0","","7.0","","","","","","0.0","","","","","M","","M"
"-79.40","43.67","TORONTO CITY","6158355","2020-07-21","2020","07","21","","26.5","","17.1","","21.8","","0.0","","3.8","","","","","","0.5","","","","","M","","M"
"-79.40","43.67","TORONTO CITY","6158355","2020-07-22","2020","07","22","","26.2","","20.8","","23.5","","0.0","","5.5","","","","","","21.6","","","","","M","","M"
"-79.40","43.67","TORONTO CITY","6158355","2020-07-23","2020","07","23","","28.1","","19.7","","23.9","","0.0","","5.9","","","","","","0.2","","","","","M","","M"
"-79.40","43.67","TORONTO CITY","6158355","2020-07-24","2020","07","24","","28.0","","19.3","","23.6","","0.0","","5.6","","","","","","0.9","","","","","M","","M"
"-79.40","43.67","TORONTO CITY","6158355","2020-07-25","2020","07","25","","30.0","","18.8","","24.4","","0.0","","6.4","","","","","","0.7","","","","","M","","M"
"-79.40","43.67","TORONTO CITY","6158355","2020-07-26","2020","07","26","","33.8","","21.1","","27.5","","0.0","","9.5","","","","","","0.7","","","","","M","","M"
"-79.40","43.67","TORONTO CITY","6158355","2020-07-27","2020","07","27","","33.2","","22.8","","28.0","","0.0","","10.0","","","","","","2.7","","","","","M","","M"
"-79.40","43.67","TORONTO CITY","6158355","2020-07-28","2020","07","28","","31.6","","19.6","","25.6","","0.0","","7.6","","","","","","0.8","","","","","M","","M"
"-79.40","43.67","TORONTO CITY","6158355","2020-07-29","2020","07","29","","29.7","","19.4","","24.6","","0.0","","6.6","","","","","","1.9","","","","","M","","M"
"-79.40","43.67","TORONTO CITY","6158355","2020-07-30","2020","07","30","","28.5","","18.2","","23.3","","0.0","","5.3","","","","","","0.9","","","","","M","","M"
"-79.40","43.67","TORONTO CITY","6158355","2020-07-31","2020","07","31","","28.6","","19.8","","24.2","","0.0","","6.2","","","","","","1.0","","","","","M","","M"
"-79.40","43.67","TORONTO CITY","6158355","2020-08-01","2020","08","01","","29.3","","20.2","","24.8","","0.0","","6.8","","","","","","4.9","","","","","M","","M"
"-79.40","43.67","TORONTO CITY","6158355","2020-08-02","2020","08","02","","26.3","","19.9","","23.1","","0.0","","5.1","","","","","","39.8","","","","","M","","M"
"-79.40","43.67","TORONTO CITY","6158355","2020-08-03","2020","08","03","","25.7","","18.2","","21.9","","0.0","","3.9","","","","","","22.8","","","","","M","","M"
"-79.40","43.67","TORONTO CITY","6158355","2020-08-04","2020","08","04","","24.0","","17.7","","20.8","","0.0","","2.8","","","","","","12.3","","","","","M","","M"
"-79.40","43.67","TORONTO CITY","6158355","2020-08-05","2020","08","05","","24.6","","15.3","","20.0","","0.0","","2.0","","","","","","0.4","","","","","M","","M"
"-79.40","43.67","TORONTO CITY","6158355","2020-08-06","2020","08","06","","23.9","","14.1","","19.0","","0.0","","1.0","","","","","","0.0","","","","","M","","M"
"-79.40","43.67","TORONTO CITY","6158355","2020-08-07","2020","08","07","","25.6","","16.4","","21.0","","0.0","","3.0","","","","","","0.0","","","","","M","","M"
"-79.40","43.67","TORONTO CITY","6158355","2020-08-08","2020","08","08","","27.8","","17.1","","22.5","","0.0","","4.5","","","","","","0.7","","","","","M","","M"
"-79.40","43.67","TORONTO CITY","6158355","2020-08-09","2020","08","09","","29.1","","20.2","","24.7","","0.0","","6.7","","","","","","0.0","","","","","M","","M"
"-79.40","43.67","TORONTO CITY","6158355","2020-08-10","2020","08","10","","","M","","M","","M","","M","","M","","","","","","M","","","","M","","M"
"-79.40","43.67","TORONTO CITY","6158355","2020-08-11","2020","08","11","","30.4","","18.0","","24.2","","0.0","","6.2","","","","","","0.0","","","","","M","","M"
"-79.40","43.67","TORONTO CITY","6158355","2020-08-12","2020","08","12","","29.8","","16.4","","23.1","","0.0","","5.1","","","","","","0.0","","","","","M","","M"
"-79.40","43.67","TORONTO CITY","6158355","2020-08-13","2020","08","13","","29.5","","20.7","","25.1","","0.0","","7.1","","","","","","0.0","","","","","M","","M"
"-79.40","43.67","TORONTO CITY","6158355","2020-08-14","2020","08","14","","28.6","","21.2","","24.9","","0.0","","6.9","","","","","","0.0","","","","","M","","M"
"-79.40","43.67","TORONTO CITY","6158355","2020-08-15","2020","08","15","","27.2","","19.6","","23.4","","0.0","","5.4","","","","","","0.0","","","","","M","","M"
"-79.40","43.67","TORONTO CITY","6158355","2020-08-16","2020","08","16","","25.0","","19.1","","22.1","","0.0","","4.1","","","","","","0.3","","","","","M","","M"
"-79.40","43.67","TORONTO CITY","6158355","2020-08-17","2020","08","17","","26.9","","16.9","","21.9","","0.0","","3.9","","","","","","6.4","","","","","M","","M"
"-79.40","43.67","TORONTO CITY","6158355","2020-08-18","2020","08","18","","25.2","","15.1","","20.2","","0.0","","2.2","","","","","","0.0","","","","","M","","M"
"-79.40","43.67","TORONTO CITY","6158355","2020-08-19","2020","08","19","","24.0","","13.7","","18.8","","0.0","","0.8","","","","","","0.0","","","","","M","","M"
"-79.40","43.67","TORONTO CITY","6158355","2020-08-20","2020","08","20","","26.2","","13.6","","19.9","","0.0","","1.9","","","","","","0.2","","","","","M","","M"
"-79.40","43.67","TORONTO CITY","6158355","2020-08-21","2020","08","21","","29.9","","17.9","","23.9","","0.0","","5.9","","","","","","0.9","","","","","M","","M"
"-79.40","43.67","TORONTO CITY","6158355","2020-08-22","2020","08","22","","30.1","","20.6","","25.3","","0.0","","7.3","","","","","","0.0","","","","","M","","M"
"-79.40","43.67","TORONTO CITY","6158355","2020-08-23","2020","08","23","","31.2","","19.8","","25.5","","0.0","","7.5","","","","","","0.0","","","","","M","","M"
"-79.40","43.67","TORONTO CITY","6158355","2020-08-24","2020","08","24","","33.2","","21.5","","27.4","","0.0","","9.4","","","","","","0.5","","","","","M","","M"
"-79.40","43.67","TORONTO CITY","6158355","2020-08-25","2020","08","25","","28.0","","17.8","","22.9","","0.0","","4.9","","","","","","0.0","","","","","M","","M"
"-79.40","43.67","TORONTO CITY","6158355","2020-08-26","2020","08","26","","21.6","","15.0","","18.3","","0.0","","0.3","","","","","","7.5","","","","","M","","M"
"-79.40","43.67","TORONTO CITY","6158355","2020-08-27","2020","08","27","","30.3","","19.4","","24.9","","0.0","","6.9","","","","","","0.0","","","","","M","","M"
"-79.40","43.67","TORONTO CITY","6158355","2020-08-28","2020","08","28","","23.6","","17.5","","20.6","","0.0","","2.6","","","","","","0.0","","","","","M","","M"
"-79.40","43.67","TORONTO CITY","6158355","2020-08-29","2020","08","29","","26.8","","17.2","","22.0","","0.0","","4.0","","","","","","0.0","","","","","M","","M"
"-79.40","43.67","TORONTO CITY","6158355","2020-08-30","2020","08","30","","23.0","","15.9","","19.4","","0.0","","1.4","","","","","","0.0","","","","","M","","M"
"-79.40","43.67","TORONTO CITY","6158355","2020-08-31","2020","08","31","","24.1","","15.6","","19.8","","0.0","","1.8","","","","","","0.0","","","","","M","","M"
"-79.40","43.67","TORONTO CITY","6158355","2020-09-01","2020","09","01","","28.2","","20.1","","24.1","","0.0","","6.1","","","","","","1.0","","","","","M","","M"
"-79.40","43.67","TORONTO CITY","6158355","2020-09-02","2020","09","02","","27.7","","19.0","","23.4","","0.0","","5.4","","","","","","3.0","","","","","M","","M"
"-79.40","43.67","TORONTO CITY","6158355","2020-09-03","2020","09","03","","27.4","","15.6","","21.5","","0.0","","3.5","","","","","","0.0","","","","","M","","M"
"-79.40","43.67","TORONTO CITY","6158355","2020-09-04","2020","09","04","","23.9","","14.5","","19.2","","0.0","","1.2","","","","","","0.5","","","","","M","","M"
"-79.40","43.67","TORONTO CITY","6158355","2020-09-05","2020","09","05","","22.0","","12.9","","17.4","","0.6","","0.0","","","","","","0.0","","","","","M","","M"
"-79.40","43.67","TORONTO CITY","6158355","2020-09-06","2020","09","06","","22.1","","11.6","","16.8","","1.2","","0.0","","","","","","0.0","","","","","M","","M"
"-79.40","43.67","TORONTO CITY","6158355","2020-09-07","2020","09","07","","24.3","","16.5","","20.4","","0.0","","2.4","","","","","","5.4","","","","","M","","M"
"-79.40","43.67","TORONTO CITY","6158355","2020-09-08","2020","09","08","","17.2","","15.0","","16.1","","1.9","","0.0","","","","","","0.0","","","","","M","","M"
"-79.40","43.67","TORONTO CITY","6158355","2020-09-09","2020","09","09","","19.2","","14.5","","16.8","","1.2","","0.0","","","","","","0.0","","","","","M","","M"
"-79.40","43.67","TORONTO CITY","6158355","2020-09-10","2020","09","10","","20.7","","14.1","","17.4","","0.6","","0.0","","","","","","0.0","","","","","M","","M"
"-79.40","43.67","TORONTO CITY","6158355","2020-09-11","2020","09","11","","16.5","","11.9","","14.2","","3.8","","0.0","","","","","","0.7","","","","","M","","M"
"-79.40","43.67","TORONTO CITY","6158355","2020-09-12","2020","09","12","","21.0","","12.0","","16.5","","1.5","","0.0","","","","","","0.0","","","","","M","","M"
"-79.40","43.67","TORONTO CITY","6158355","2020-09-13","2020","09","13","","26.1","","15.8","","21.0","","0.0","","3.0","","","","","","9.2","","","","","M","","M"
"-79.40","43.67","TORONTO CITY","6158355","2020-09-14","2020","09","14","","17.8","","9.6","","13.7","","4.3","","0.0","","","","","","0.0","","","","","M","","M"
"-79.40","43.67","TORONTO CITY","6158355","2020-09-15","2020","09","15","","18.7","","9.3","","14.0","","4.0","","0.0","","","","","","0.2","","","","","M","","M"
"-79.40","43.67","TORONTO CITY","6158355","2020-09-16","2020","09","16","","23.0","","14.4","","18.7","","0.0","","0.7","","","","","","0.0","","","","","M","","M"
"-79.40","43.67","TORONTO CITY","6158355","2020-09-17","2020","09","17","","19.4","","10.4","","14.9","","3.1","","0.0","","","","","","0.0","","","","","M","","M"
"-79.40","43.67","TORONTO CITY","6158355","2020-09-18","2020","09","18","","16.1","","7.7","","11.9","","6.1","","0.0","","","","","","0.2","","","","","M","","M"
"-79.40","43.67","TORONTO CITY","6158355","2020-09-19","2020","09","19","","14.4","","6.5","","10.4","","7.6","","0.0","","","","","","0.8","","","","","M","","M"
"-79.40","43.67","TORONTO CITY","6158355","2020-09-20","2020","09","20","","16.7","","9.3","","13.0","","5.0","","0.0","","","","","","1.1","","","","","M","","M"
"-79.40","43.67","TORONTO CITY","6158355","2020-09-21","2020","09","21","","18.9","","9.1","","14.0","","4.0","","0.0","","","","","","0.7","","","","","M","","M"
"-79.40","43.67","TORONTO CITY","6158355","2020-09-22","2020","09","22","","20.7","","9.5","","15.1","","2.9","","0.0","","","","","","0.0","","","","","M","","M"
"-79.40","43.67","TORONTO CITY","6158355","2020-09-23","2020","09","23","","27.1","","12.5","","19.8","","0.0","","1.8","","","","","","0.9","","","","","M","","M"
"-79.40","43.67","TORONTO CITY","6158355","2020-09-24","2020","09","24","","24.3","","14.0","","19.2","","0.0","","1.2","","","","","","4.2","","","","","M","","M"
"-79.40","43.67","TORONTO CITY","6158355","2020-09-25","2020","09","25","","23.1","","15.9","","19.5","","0.0","","1.5","","","","","","0.2","","","","","M","","M"
"-79.40","43.67","TORONTO CITY","6158355","2020-09-26","2020","09","26","","24.6","","14.1","","19.4","","0.0","","1.4","","","","","","0.9","","","","","M","","M"
"-79.40","43.67","TORONTO CITY","6158355","2020-09-27","2020","09","27","","24.7","","19.4","","22.0","","0.0","","4.0","","","","","","0.5","","","","","M","","M"
"-79.40","43.67","TORONTO CITY","6158355","2020-09-28","2020","09","28","","26.0","","15.4","","20.7","","0.0","","2.7","","","","","","5.8","","","","","M","","M"
"-79.40","43.67","TORONTO CITY","6158355","2020-09-29","2020","09","29","","18.6","","13.3","","15.9","","2.1","","0.0","","","","","","5.5","","","","","M","","M"
"-79.40","43.67","TORONTO CITY","6158355","2020-09-30","2020","09","30","","18.8","","11.2","","15.0","","3.0","","0.0","","","","","","7.7","","","","","M","","M"
"-79.40","43.67","TORONTO CITY","6158355","2020-10-01","2020","10","01","","17.8","","9.5","","13.7","","4.3","","0.0","","","","","","1.1","","","","","M","","M"
"-79.40","43.67","TORONTO CITY","6158355","2020-10-02","2020","10","02","","14.9","","6.8","","10.8","","7.2","","0.0","","","","","","0.2","","","","","M","","M"
"-79.40","43.67","TORONTO CITY","6158355","2020-10-03","2020","10","03","","12.8","","4.9","","8.9","","9.1","","0.0","","","","","","0.0","","","","","M","","M"
"-79.40","43.67","TORONTO CITY","6158355","2020-10-04","2020","10","04","","11.9","","7.7","","9.8","","8.2","","0.0","","","","","","1.8","","","","","M","","M"
"-79.40","43.67","TORONTO CITY","6158355","2020-10-05","2020","10","05","","15.2","","8.1","","11.7","","6.3","","0.0","","","","","","0.5","","","","","M","","M"
"-79.40","43.67","TORONTO CITY","6158355","2020-10-06","2020","10","06","","17.2","","8.6","","12.9","","5.1","","0.0","","","","","","0.0","","","","","M","","M"
"-79.40","43.67","TORONTO CITY","6158355","2020-10-07","2020","10","07","","18.7","","10.0","","14.3","","3.7","","0.0","","","","","","2.1","","","","","M","","M"
"-79.40","43.67","TORONTO CITY","6158355","2020-10-08","2020","10","08","","13.3","","6.9","","10.1","","7.9","","0.0","","","","","","1.7","","","","","M","","M"
"-79.40","43.67","TORONTO CITY","6158355","2020-10-09","2020","10","09","","16.5","","6.0","","11.2","","6.8","","0.0","","","","","","0.2","","","","","M","","M"
"-79.40","43.67","TORONTO CITY","6158355","2020-10-10","2020","10","10","","22.4","","10.0","","16.2","","1.8","","0.0","","","","","","0.2","","","","","M","","M"
"-79.40","43.67","TORONTO CITY","6158355","2020-10-11","2020","10","11","","10.9","","6.8","","8.9","","9.1","","0.0","","","","","","0.0","","","","","M","","M"
"-79.40","43.67","TORONTO CITY","6158355","2020-10-12","2020","10","12","","16.0","","8.3","","12.1","","5.9","","0.0","","","","","","0.5","","","","","M","","M"
"-79.40","43.67","TORONTO CITY","6158355","2020-10-13","2020","10","13","","17.9","","11.0","","14.4","","3.6","","0.0","","","","","","5.5","","","","","M","","M"
"-79.40","43.67","TORONTO CITY","6158355","2020-10-14","2020","10","14","","16.2","","8.4","","12.3","","5.7","","0.0","","","","","","1.1","","","","","M","","M"
"-79.40","43.67","TORONTO CITY","6158355","2020-10-15","2020","10","15","","16.1","","9.1","","12.6","","5.4","","0.0","","","","","","9.4","","","","","M","","M"
"-79.40","43.67","TORONTO CITY","6158355","2020-10-16","2020","10","16","","11.9","","5.4","","8.7","","9.3","","0.0","","","","","","0.4","","","","","M","","M"
"-79.40","43.67","TORONTO CITY","6158355","2020-10-17","2020","10","17","","13.8","","5.3","","9.6","","8.4","","0.0","","","","","","1.1","","","","","M","","M"
"-79.40","43.67","TORONTO CITY","6158355","2020-10-18","2020","10","18","","14.1","","7.0","","10.5","","7.5","","0.0","","","","","","1.7","","","","","M","","M"
"-79.40","43.67","TORONTO CITY","6158355","2020-10-19","2020","10","19","","8.4","","6.7","","7.5","","10.5","","0.0","","","","","","4.6","","","","","M","","M"
"-79.40","43.67","TORONTO CITY","6158355","2020-10-20","2020","10","20","","11.3","","6.4","","8.9","","9.1","","0.0","","","","","","1.8","","","","","M","","M"
"-79.40","43.67","TORONTO CITY","6158355","2020-10-21","2020","10","21","","17.4","","8.9","","13.1","","4.9","","0.0","","","","","","5.7","","","","","M","","M"
"-79.40","43.67","TORONTO CITY","6158355","2020-10-22","2020","10","22","","12.5","","8.8","","10.6","","7.4","","0.0","","","","","","2.1","","","","","M","","M"
"-79.40","43.67","TORONTO CITY","6158355","2020-10-23","2020","10","23","","22.8","","9.3","","16.0","","2.0","","0.0","","","","","","3.1","","","","","M","","M"
"-79.40","43.67","TORONTO CITY","6158355","2020-10-24","2020","10","24","","9.3","","3.8","","6.6","","11.4","","0.0","","","","","","0.0","","","","","M","","M"
"-79.40","43.67","TORONTO CITY","6158355","2020-10-25","2020","10","25","","7.3","","3.1","","5.2","","12.8","","0.0","","","","","","0.4","","","","","M","","M"
"-79.40","43.67","TORONTO CITY","6158355","2020-10-26","2020","10","26","","8.6","","3.9","","6.3","","11.7","","0.0","","","","","","1.7","","","","","M","","M"
"-79.40","43.67","TORONTO CITY","6158355","2020-10-27","2020","10","27","","","M","","M","","M","","M","","M","","","","","","M","","","","M","","M"
"-79.40","43.67","TORONTO CITY","6158355","2020-10-28","2020","10","28","","","M","","M","","M","","M","","M","","","","","","M","","","","M","","M"
"-79.40","43.67","TORONTO CITY","6158355","2020-10-29","2020","10","29","","10.7","","2.9","","6.8","","11.2","","0.0","","","","","","0.0","","","","","M","","M"
"-79.40","43.67","TORONTO CITY","6158355","2020-10-30","2020","10","30","","3.3","","-1.9","","0.7","","17.3","","0.0","","","","","","0.0","","","","","M","","M"
"-79.40","43.67","TORONTO CITY","6158355","2020-10-31","2020","10","31","","8.6","","-2.8","","2.9","","15.1","","0.0","","","","","","0.0","","","","","M","","M"
"-79.40","43.67","TORONTO CITY","6158355","2020-11-01","2020","11","01","","12.0","","0.5","","6.3","","11.7","","0.0","","","","","","6.8","","","","","M","","M"
"-79.40","43.67","TORONTO CITY","6158355","2020-11-02","2020","11","02","","7.7","","-1.1","","3.3","","14.7","","0.0","","","","","","0.0","","0","","","M","","M"
"-79.40","43.67","TORONTO CITY","6158355","2020-11-03","2020","11","03","","7.7","","4.6","","6.2","","11.8","","0.0","","","","","","0.0","","","","","M","","M"
"-79.40","43.67","TORONTO CITY","6158355","2020-11-04","2020","11","04","","16.8","","5.2","","11.0","","7.0","","0.0","","","","","","0.0","","","","","M","","M"
"-79.40","43.67","TORONTO CITY","6158355","2020-11-05","2020","11","05","","17.0","","10.7","","13.9","","4.1","","0.0","","","","","","0.0","","","","","M","","M"
"-79.40","43.67","TORONTO CITY","6158355","2020-11-06","2020","11","06","","18.2","","9.6","","13.9","","4.1","","0.0","","","","","","0.0","","","","","M","","M"
"-79.40","43.67","TORONTO CITY","6158355","2020-11-07","2020","11","07","","19.3","","10.5","","14.9","","3.1","","0.0","","","","","","0.0","","0","","","M","","M"
"-79.40","43.67","TORONTO CITY","6158355","2020-11-08","2020","11","08","","19.1","","8.5","","13.8","","4.2","","0.0","","","","","","0.0","","","","","M","","M"
"-79.40","43.67","TORONTO CITY","6158355","2020-11-09","2020","11","09","","20.0","","10.0","","15.0","","3.0","","0.0","","","","","","0.0","","","","","M","","M"
"-79.40","43.67","TORONTO CITY","6158355","2020-11-10","2020","11","10","","21.6","","10.3","","16.0","","2.0","","0.0","","","","","","0.0","","","","","M","","M"
"-79.40","43.67","TORONTO CITY","6158355","2020-11-11","2020","11","11","","18.3","","6.6","","12.4","","5.6","","0.0","","","","","","0.3","","","","","M","","M"
"-79.40","43.67","TORONTO CITY","6158355","2020-11-12","2020","11","12","","9.4","","5.1","","7.2","","10.8","","0.0","","","","","","0.0","","","","","M","","M"
"-79.40","43.67","TORONTO CITY","6158355","2020-11-13","2020","11","13","","9.6","","5.0","","7.3","","10.7","","0.0","","","","","","0.1","","","","","M","","M"
"-79.40","43.67","TORONTO CITY","6158355","2020-11-14","2020","11","14","","8.1","","2.9","","5.5","","12.5","","0.0","","","","","","0.0","","","","","M","","M"
"-79.40","43.67","TORONTO CITY","6158355","2020-11-15","2020","11","15","","12.9","","4.1","","8.5","","9.5","","0.0","","","","","","10.2","","","","","M","","M"
"-79.40","43.67","TORONTO CITY","6158355","2020-11-16","2020","11","16","","5.0","","3.0","","4.0","","14.0","","0.0","","","","","","0.0","","1","","","M","","M"
"-79.40","43.67","TORONTO CITY","6158355","2020-11-17","2020","11","17","","4.1","","-4.6","","-0.2","","18.2","","0.0","","","","","","0.0","","1","","","M","","M"
"-79.40","43.67","TORONTO CITY","6158355","2020-11-18","2020","11","18","","3.8","","-4.8","","-0.5","","18.5","","0.0","","","","","","0.0","","","","","M","","M"
"-79.40","43.67","TORONTO CITY","6158355","2020-11-19","2020","11","19","","15.1","","3.4","","9.2","","8.8","","0.0","","","","","","0.0","","","","","M","","M"
"-79.40","43.67","TORONTO CITY","6158355","2020-11-20","2020","11","20","","17.2","","7.2","","12.2","","5.8","","0.0","","","","","","0.0","","","","","M","","M"
"-79.40","43.67","TORONTO CITY","6158355","2020-11-21","2020","11","21","","7.4","","1.6","","4.5","","13.5","","0.0","","","","","","0.0","","","","","M","","M"
"-79.40","43.67","TORONTO CITY","6158355","2020-11-22","2020","11","22","","3.0","","0.4","","1.7","","16.3","","0.0","","","","","","17.3","","","","","M","","M"
"-79.40","43.67","TORONTO CITY","6158355","2020-11-23","2020","11","23","","4.3","","-0.4","","1.9","","16.1","","0.0","","","","","","0.0","","1","","","M","","M"
"-79.40","43.67","TORONTO CITY","6158355","2020-11-24","2020","11","24","","3.0","","-0.7","","1.1","","16.9","","0.0","","","","","","1.7","","","","","M","","M"
"-79.40","43.67","TORONTO CITY","6158355","2020-11-25","2020","11","25","","8.3","","1.8","","5.1","","12.9","","0.0","","","","","","5.7","","","","","M","","M"
"-79.40","43.67","TORONTO CITY","6158355","2020-11-26","2020","11","26","","11.8","","6.9","","9.3","","8.7","","0.0","","","","","","0.6","","","","","M","","M"
"-79.40","43.67","TORONTO CITY","6158355","2020-11-27","2020","11","27","","8.2","","6.3","","7.3","","10.7","","0.0","","","","","","0.0","","","","","M","","M"
"-79.40","43.67","TORONTO CITY","6158355","2020-11-28","2020","11","28","","7.6","","3.7","","5.6","","12.4","","0.0","","","","","","0.0","","","","","M","","M"
"-79.40","43.67","TORONTO CITY","6158355","2020-11-29","2020","11","29","","10.1","","3.1","","6.6","","11.4","","0.0","","","","","","0.0","","0","","","M","","M"
"-79.40","43.67","TORONTO CITY","6158355","2020-11-30","2020","11","30","","7.2","","0.0","","3.6","","14.4","","0.0","","","","","","23.4","","","","","M","","M"
"-79.40","43.67","TORONTO CITY","6158355","2020-12-01","2020","12","01","","0.4","","-1.9","","-0.7","","18.7","","0.0","","","","","","4.6","","1","","","M","","M"
"-79.40","43.67","TORONTO CITY","6158355","2020-12-02","2020","12","02","","4.8","","-0.8","","2.0","","16.0","","0.0","","","","","","0.0","","1","","","M","","M"
"-79.40","43.67","TORONTO CITY","6158355","2020-12-03","2020","12","03","","5.7","","0.8","","3.3","","14.7","","0.0","","","","","","0.0","","","","","M","","M"
"-79.40","43.67","TORONTO CITY","6158355","2020-12-04","2020","12","04","","4.7","","1.4","","3.0","","15.0","","0.0","","","","","","5.6","","","","","M","","M"
"-79.40","43.67","TORONTO CITY","6158355","2020-12-05","2020","12","05","","2.5","","-3.4","","-0.5","","18.5","","0.0","","","","","","0.0","","","","","M","","M"
"-79.40","43.67","TORONTO CITY","6158355","2020-12-06","2020","12","06","","1.1","","-4.5","","-1.7","","19.7","","0.0","","","","","","0.0","","","","","M","","M"
"-79.40","43.67","TORONTO CITY","6158355","2020-12-07","2020","12","07","","1.1","","-4.9","","-1.9","","19.9","","0.0","","","","","","0.0","","","","","M","","M"
"-79.40","43.67","TORONTO CITY","6158355","2020-12-08","2020","12","08","","2.5","","-5.2","","-1.3","","19.3","","0.0","","","","","","0.0","","","","","M","","M"
"-79.40","43.67","TORONTO CITY","6158355","2020-12-09","2020","12","09","","4.7","","0.4","","2.5","","15.5","","0.0","","","","","","7.0","","2","","","M","","M"
"-79.40","43.67","TORONTO CITY","6158355","2020-12-10","2020","12","10","","6.2","","2.5","","4.4","","13.6","","0.0","","","","","","0.2","","","","","M","","M"
"-79.40","43.67","TORONTO CITY","6158355","2020-12-11","2020","12","11","","9.5","","2.9","","6.2","","11.8","","0.0","","","","","","0.0","","","","","M","","M"
"-79.40","43.67","TORONTO CITY","6158355","2020-12-12","2020","12","12","","9.4","","3.9","","6.7","","11.3","","0.0","","","","","","9.0","","","","","M","","M"
"-79.40","43.67","TORONTO CITY","6158355","2020-12-13","2020","12","13","","7.2","","0.4","","3.8","","14.2","","0.0","","","","","","0.0","","","","","M","","M"
"-79.40","43.67","TORONTO CITY","6158355","2020-12-14","2020","12","14","","2.5","","-1.8","","0.4","","17.6","","0.0","","","","","","0.1","","","","","M","","M"
"-79.40","43.67","TORONTO CITY","6158355","2020-12-15","2020","12","15","","-1.7","","-6.9","","-4.3","","22.3","","0.0","","","","","","0.1","","","","","M","","M"
"-79.40","43.67","TORONTO CITY","6158355","2020-12-16","2020","12","16","","-4.8","","-7.1","","-5.9","","23.9","","0.0","","","","","","0.3","","","","","M","","M"
"-79.40","43.67","TORONTO CITY","6158355","2020-12-17","2020","12","17","","-2.9","","-7.2","","-5.0","","23.0","","0.0","","","","","","0.1","","0","","","M","","M"
"-79.40","43.67","TORONTO CITY","6158355","2020-12-18","2020","12","18","","0.4","","-7.0","","-3.3","","21.3","","0.0","","","","","","0.0","","","","","M","","M"
"-79.40","43.67","TORONTO CITY","6158355","2020-12-19","2020","12","19","","3.0","","0.3","","1.7","","16.3","","0.0","","","","","","2.1","","","","","M","","M"
"-79.40","43.67","TORONTO CITY","6158355","2020-12-20","2020","12","20","","5.3","","1.5","","3.4","","14.6","","0.0","","","","","","1.1","","0","","","M","","M"
"-79.40","43.67","TORONTO CITY","6158355","2020-12-21","2020","12","21","","4.6","","0.2","","2.4","","15.6","","0.0","","","","","","0.2","","","","","M","","M"
"-79.40","43.67","TORONTO CITY","6158355","2020-12-22","2020","12","22","","4.1","","0.5","","2.3","","15.7","","0.0","","","","","","0.0","","","","","M","","M"
"-79.40","43.67","TORONTO CITY","6158355","2020-12-23","2020","12","23","","8.2","","1.7","","5.0","","13.0","","0.0","","","","","","0.8","","","","","M","","M"
"-79.40","43.67","TORONTO CITY","6158355","2020-12-24","2020","12","24","","9.5","","-2.2","","3.7","","14.3","","0.0","","","","","","12.2","","","","","M","","M"
"-79.40","43.67","TORONTO CITY","6158355","2020-12-25","2020","12","25","","0.2","","-4.7","","-2.2","","20.2","","0.0","","","","","","5.1","","4","","","M","","M"
"-79.40","43.67","TORONTO CITY","6158355","2020-12-26","2020","12","26","","-1.4","","-4.6","","-3.0","","21.0","","0.0","","","","","","1.0","","4","","","M","","M"
"-79.40","43.67","TORONTO CITY","6158355","2020-12-27","2020","12","27","","4.7","","-2.6","","1.1","","16.9","","0.0","","","","","","0.5","","3","","","M","","M"
"-79.40","43.67","TORONTO CITY","6158355","2020-12-28","2020","12","28","","5.2","","-1.9","","1.7","","16.3","","0.0","","","","","","3.4","","","","","M","","M"
"-79.40","43.67","TORONTO CITY","6158355","2020-12-29","2020","12","29","","-0.5","","-4.0","","-2.3","","20.3","","0.0","","","","","","0.0","","","","","M","","M"
"-79.40","43.67","TORONTO CITY","6158355","2020-12-30","2020","12","30","","5.6","","-2.3","","1.7","","16.3","","0.0","","","","","","5.9","","","","","M","","M"
"-79.40","43.67","TORONTO CITY","6158355","2020-12-31","2020","12","31","","2.5","","-1.0","","0.7","","17.3","","0.0","","","","","","0.0","","","","","M","","M"
